Customer_ID,Age,Income,Loan_Amount,Credit_Score,Loan_Term,Default_Status
CUST00001,59,115481.02,401684.68,703,60,Yes
CUST00002,49,101893.3,241260.17,644,36,No
CUST00003,35,133046.12,80802.11,629,12,No
CUST00004,63,45634.97,25185.12,623,36,No
CUST00005,28,55995.75,81814.6,645,120,No
CUST00006,41,24773.03,26936.99,616,36,No
CUST00007,59,95284.32,280055.25,699,36,No
CUST00008,39,28984.0,87949.54,620,24,Yes
CUST00009,43,54043.74,68952.05,769,60,No
CUST00010,31,29917.95,44186.85,760,36,No
CUST00011,31,37609.42,45460.04,583,36,No
CUST00012,44,33631.95,108468.0,655,36,Yes
CUST00013,56,37289.09,74874.55,601,36,No
CUST00014,60,38460.8,94937.07,626,36,Yes
CUST00015,44,38302.83,66893.83,800,48,No
CUST00016,23,71324.86,170683.43,627,60,No
CUST00017,42,29816.34,49422.56,677,60,Yes
CUST00018,22,54135.4,82233.58,691,60,No
CUST00019,44,84802.61,203818.0,575,24,Yes
CUST00020,64,38912.14,88454.54,586,60,Yes
CUST00021,50,35487.52,48993.5,560,24,Yes
CUST00022,58,44190.45,41894.55,584,24,No
CUST00023,22,83356.04,133847.3,436,84,Yes
CUST00024,41,53495.27,93380.96,691,60,No
CUST00025,53,38597.92,92096.68,804,48,No
CUST00026,32,60946.06,197683.8,661,84,Yes
CUST00027,42,29850.85,18165.87,544,120,No
CUST00028,64,66610.12,81995.93,602,48,No
CUST00029,45,58916.31,63697.24,616,48,No
CUST00030,47,42680.02,85653.82,574,60,No
CUST00031,62,33611.93,60135.19,715,24,No
CUST00032,48,32892.29,88385.3,711,24,No
CUST00033,36,62359.28,76530.29,563,60,No
CUST00034,35,85224.24,194609.13,704,36,No
CUST00035,64,36798.47,115973.02,765,24,Yes
CUST00036,23,60250.97,194733.14,793,36,No
CUST00037,57,19164.94,64707.62,850,36,No
CUST00038,27,37681.41,106253.42,582,120,Yes
CUST00039,41,48340.43,155557.75,850,48,No
CUST00040,29,32553.57,39181.24,623,48,No
CUST00041,59,32163.0,35145.89,606,120,No
CUST00042,38,36297.32,18855.16,675,84,No
CUST00043,24,55909.34,146512.27,606,48,Yes
CUST00044,45,45057.82,149249.59,680,84,Yes
CUST00045,34,17904.3,18992.99,551,36,No
CUST00046,29,18876.72,45508.58,632,24,Yes
CUST00047,46,37306.05,102195.42,746,24,No
CUST00048,22,60231.99,197732.15,646,48,Yes
CUST00049,40,15000.0,36608.71,661,48,No
CUST00050,48,39148.66,133531.43,686,48,No
CUST00051,27,38684.27,59342.42,738,48,No
CUST00052,64,91560.2,141898.68,526,12,Yes
CUST00053,28,41222.53,87764.31,694,12,No
CUST00054,55,58241.01,96127.12,630,48,No
CUST00055,34,52238.01,26342.44,662,24,No
CUST00056,37,18793.1,50653.34,729,48,No
CUST00057,56,69264.88,190835.21,560,48,No
CUST00058,60,54010.21,148037.87,574,48,Yes
CUST00059,24,61618.71,94588.54,505,36,Yes
CUST00060,22,286876.47,592935.92,609,48,Yes
CUST00061,26,19190.09,30318.82,750,60,No
CUST00062,62,106522.71,58386.08,641,120,No
CUST00063,24,43072.87,94215.31,549,60,No
CUST00064,49,55787.1,48606.3,614,48,Yes
CUST00065,38,48027.04,35545.96,538,24,No
CUST00066,46,40501.47,112047.2,566,48,Yes
CUST00067,64,37932.94,20048.26,679,84,No
CUST00068,54,56856.11,192004.52,562,24,Yes
CUST00069,30,24767.11,50667.71,733,36,No
CUST00070,56,68717.6,237010.39,645,24,Yes
CUST00071,34,40648.31,27396.66,656,60,No
CUST00072,51,29480.04,66347.44,629,36,Yes
CUST00073,35,40034.39,61972.48,708,12,No
CUST00074,28,86311.42,261562.23,709,84,Yes
CUST00075,34,38526.41,61013.05,675,48,No
CUST00076,43,57601.51,73814.19,692,36,No
CUST00077,60,35279.94,108403.24,634,36,No
CUST00078,41,68945.03,111963.92,691,36,No
CUST00079,36,66734.58,36737.38,625,36,No
CUST00080,65,112631.19,188191.77,650,36,No
CUST00081,38,45297.01,111592.21,629,48,No
CUST00082,44,66230.39,83654.19,616,60,Yes
CUST00083,46,51232.55,92011.75,598,48,Yes
CUST00084,45,87828.59,58857.93,685,36,No
CUST00085,65,35472.94,80320.61,748,48,Yes
CUST00086,61,68545.46,189794.48,738,60,No
CUST00087,49,44908.67,78138.29,556,12,Yes
CUST00088,35,47625.11,83853.43,747,12,No
CUST00089,65,51087.17,39073.89,626,48,No
CUST00090,21,54913.15,60724.2,695,48,No
CUST00091,45,46522.76,44849.15,582,24,No
CUST00092,27,53993.61,105020.99,661,60,No
CUST00093,29,99723.15,208198.66,674,48,No
CUST00094,44,76378.18,255624.05,539,84,Yes
CUST00095,21,72483.89,52166.26,696,24,No
CUST00096,64,39934.95,91834.57,751,60,No
CUST00097,28,32854.42,68320.62,637,12,No
CUST00098,44,75348.95,154367.34,752,48,No
CUST00099,31,72709.04,226814.24,636,48,Yes
CUST00100,37,95101.67,106191.99,714,36,No
CUST00101,28,37354.5,23246.45,484,60,Yes
CUST00102,55,44209.86,111268.02,831,12,No
CUST00103,55,23440.77,35992.66,762,48,No
CUST00104,53,41084.57,22710.31,629,24,No
CUST00105,25,76761.36,96268.11,502,60,No
CUST00106,62,39738.55,56745.87,672,12,No
CUST00107,59,65395.97,153714.22,542,60,Yes
CUST00108,61,44993.51,45792.48,683,60,No
CUST00109,48,56716.8,98639.76,681,60,No
CUST00110,27,29247.19,56956.75,579,24,Yes
CUST00111,29,50936.97,95644.97,734,48,No
CUST00112,28,15000.0,51327.33,710,12,No
CUST00113,32,45066.6,28685.46,723,60,No
CUST00114,54,23536.01,78914.0,651,60,Yes
CUST00115,53,84347.25,189428.04,544,48,Yes
CUST00116,43,69552.23,200810.03,723,60,No
CUST00117,44,60476.0,108323.27,630,12,No
CUST00118,57,97192.89,180925.89,546,48,Yes
CUST00119,55,31983.89,100364.79,751,36,No
CUST00120,64,107614.8,343054.83,807,120,No
CUST00121,60,74569.45,90681.42,647,84,No
CUST00122,42,44070.69,48377.53,812,60,No
CUST00123,47,81717.96,162512.96,657,84,No
CUST00124,55,29797.15,95375.64,621,36,Yes
CUST00125,21,33825.45,49624.14,603,84,No
CUST00126,55,37277.11,91554.22,773,36,Yes
CUST00127,57,38636.78,101400.49,591,60,No
CUST00128,34,30471.56,86418.08,705,60,Yes
CUST00129,23,84998.37,186297.16,608,12,Yes
CUST00130,21,43630.67,74493.5,615,36,Yes
CUST00131,25,57447.53,195381.81,727,12,Yes
CUST00132,46,37924.09,88514.53,621,120,No
CUST00133,34,21606.05,58027.27,620,24,Yes
CUST00134,59,55355.2,84967.38,735,48,No
CUST00135,47,20733.07,52036.84,770,60,No
CUST00136,29,47529.92,60524.27,698,24,No
CUST00137,35,26483.0,32714.21,601,36,Yes
CUST00138,35,119883.32,316991.47,612,48,Yes
CUST00139,46,73873.78,152489.09,656,24,No
CUST00140,62,51410.06,131086.9,674,60,No
CUST00141,33,86566.48,113256.27,576,36,Yes
CUST00142,52,33495.21,76910.7,704,24,No
CUST00143,59,62602.83,114675.92,656,48,Yes
CUST00144,52,53632.72,122866.17,521,36,Yes
CUST00145,24,55205.01,75776.56,580,84,Yes
CUST00146,50,86903.98,229978.6,612,84,Yes
CUST00147,57,68160.56,198878.07,645,36,Yes
CUST00148,43,55822.13,71438.34,792,36,No
CUST00149,59,23278.85,32633.73,668,36,No
CUST00150,65,31824.1,79033.97,587,36,Yes
CUST00151,35,46387.3,119992.6,667,48,No
CUST00152,63,51124.42,133552.27,624,60,Yes
CUST00153,49,29478.26,75113.42,674,36,No
CUST00154,56,145111.04,243557.73,694,24,No
CUST00155,33,96991.37,163387.88,741,36,No
CUST00156,52,64276.75,81274.92,648,12,Yes
CUST00157,27,50635.93,49142.23,773,60,No
CUST00158,42,44556.17,114853.87,718,48,No
CUST00159,48,31940.71,24899.9,597,36,No
CUST00160,22,50760.12,168187.41,816,36,No
CUST00161,62,55049.53,164050.84,675,84,No
CUST00162,65,28034.96,86137.9,587,12,Yes
CUST00163,26,56975.66,183461.99,774,84,Yes
CUST00164,48,45712.79,78891.81,806,36,No
CUST00165,48,20774.6,63156.91,648,84,Yes
CUST00166,64,33283.82,32424.56,612,60,Yes
CUST00167,64,40695.69,22990.03,637,24,No
CUST00168,40,114629.38,327229.53,704,60,Yes
CUST00169,50,62972.22,45616.44,746,48,No
CUST00170,31,26877.19,93144.89,693,12,No
CUST00171,48,61005.32,154001.18,658,24,Yes
CUST00172,45,24433.57,67445.18,762,48,No
CUST00173,59,79794.59,98738.75,627,48,Yes
CUST00174,53,39655.86,99996.07,727,60,No
CUST00175,21,46998.16,29592.85,628,60,No
CUST00176,47,89019.3,268257.63,682,48,Yes
CUST00177,33,27467.98,27711.68,641,60,No
CUST00178,61,26141.96,67761.9,646,48,Yes
CUST00179,23,37698.68,44237.2,622,36,No
CUST00180,59,78219.2,55172.66,751,84,No
CUST00181,26,24742.91,48112.12,595,12,Yes
CUST00182,28,15000.0,15117.88,594,36,No
CUST00183,47,40013.75,107570.24,809,60,No
CUST00184,29,62836.0,76201.06,723,36,No
CUST00185,57,84129.94,128501.56,471,12,No
CUST00186,53,39798.22,87648.33,608,12,No
CUST00187,62,40735.61,55192.87,514,48,Yes
CUST00188,64,82392.96,134627.16,579,120,No
CUST00189,44,21133.53,62277.67,415,48,Yes
CUST00190,35,41157.67,42706.41,640,48,No
CUST00191,52,53406.66,39873.67,564,36,No
CUST00192,52,60002.92,89108.74,654,36,No
CUST00193,44,38971.54,69101.62,528,12,Yes
CUST00194,61,49786.47,105944.51,656,36,No
CUST00195,32,15998.54,25873.98,619,36,No
CUST00196,59,36453.33,104611.4,763,24,No
CUST00197,22,60118.86,37150.96,756,12,No
CUST00198,23,31507.08,56564.74,709,60,No
CUST00199,57,50339.38,82897.27,626,84,No
CUST00200,37,59939.6,146416.59,799,84,No
CUST00201,22,42017.98,142811.92,534,48,No
CUST00202,22,52929.11,107505.7,545,12,Yes
CUST00203,48,31785.65,109998.39,644,60,Yes
CUST00204,43,44668.55,62837.4,819,24,No
CUST00205,57,64511.4,38229.74,635,48,No
CUST00206,52,52608.76,52450.38,636,60,No
CUST00207,53,37648.97,63452.62,542,60,Yes
CUST00208,21,54225.0,78572.12,721,120,No
CUST00209,39,67614.27,53493.87,721,60,No
CUST00210,22,19487.46,35038.07,709,48,No
CUST00211,64,82585.0,125062.37,603,36,No
CUST00212,46,42137.16,36569.06,597,84,Yes
CUST00213,52,59365.62,82420.34,553,24,No
CUST00214,26,84015.88,265432.06,656,84,No
CUST00215,52,26443.0,37182.73,569,36,Yes
CUST00216,24,35623.17,94111.65,562,24,Yes
CUST00217,31,43051.53,100574.45,618,60,Yes
CUST00218,37,34451.61,61377.04,613,12,No
CUST00219,58,107014.7,130245.12,610,60,No
CUST00220,44,33337.98,53575.6,685,36,Yes
CUST00221,25,38177.59,86904.47,656,84,No
CUST00222,54,53743.34,83423.62,628,48,Yes
CUST00223,26,28539.17,32668.48,664,48,No
CUST00224,42,41025.28,34846.39,576,36,No
CUST00225,31,56548.5,177522.75,658,12,Yes
CUST00226,36,42201.57,76846.48,661,60,No
CUST00227,53,47003.43,111662.52,537,24,Yes
CUST00228,29,38630.62,76149.88,725,36,No
CUST00229,26,24797.26,77310.41,584,48,Yes
CUST00230,36,56653.95,121285.03,657,36,No
CUST00231,49,107982.01,209738.24,737,24,No
CUST00232,23,49428.41,161818.88,719,24,No
CUST00233,40,54250.57,144256.0,653,24,No
CUST00234,56,66951.6,55881.13,623,84,No
CUST00235,39,27689.3,28606.19,721,12,Yes
CUST00236,46,105464.7,301773.38,701,120,No
CUST00237,23,53693.54,161486.22,604,24,Yes
CUST00238,39,102164.1,218178.84,590,24,Yes
CUST00239,40,35246.98,76252.11,495,48,Yes
CUST00240,52,111093.54,266157.78,662,12,No
CUST00241,27,69481.79,126272.55,644,48,No
CUST00242,61,62872.74,159734.32,735,84,No
CUST00243,53,54464.86,44957.68,677,12,No
CUST00244,60,43833.87,148326.7,750,60,No
CUST00245,59,84140.16,231424.52,598,36,Yes
CUST00246,38,52216.92,124982.38,735,24,No
CUST00247,60,20227.91,29309.56,610,24,No
CUST00248,21,29651.44,29143.41,708,84,No
CUST00249,31,45087.91,77913.21,541,24,Yes
CUST00250,48,56359.13,140037.23,668,84,Yes
CUST00251,45,47788.26,114745.79,501,48,Yes
CUST00252,43,84841.23,139811.85,630,12,No
CUST00253,51,20373.78,47671.78,683,36,Yes
CUST00254,50,52292.83,153806.02,611,60,Yes
CUST00255,62,21631.58,12521.53,571,60,No
CUST00256,55,69000.6,127779.67,713,36,No
CUST00257,27,46980.77,130402.91,642,84,No
CUST00258,36,59208.74,126613.95,613,24,Yes
CUST00259,46,33231.47,81564.26,653,84,No
CUST00260,22,87182.53,178726.73,848,60,No
CUST00261,21,78337.06,272270.14,737,60,No
CUST00262,32,63741.74,42315.89,737,60,No
CUST00263,25,46245.4,91248.39,683,48,No
CUST00264,57,63636.07,49270.2,662,48,No
CUST00265,52,35664.05,34927.83,470,48,No
CUST00266,29,72041.67,118805.0,599,36,No
CUST00267,61,102977.56,99540.2,614,48,Yes
CUST00268,55,79361.98,269121.35,509,36,Yes
CUST00269,39,35301.43,117919.81,563,36,Yes
CUST00270,36,57678.39,86997.98,501,36,Yes
CUST00271,23,27394.19,66273.21,647,24,No
CUST00272,40,63422.61,133267.39,711,36,No
CUST00273,44,60040.32,176924.47,733,84,Yes
CUST00274,53,21132.82,50345.5,681,36,No
CUST00275,44,29062.31,14553.17,578,60,Yes
CUST00276,31,43156.46,120385.94,505,24,Yes
CUST00277,28,42813.69,117332.82,518,36,Yes
CUST00278,56,28445.22,57720.13,555,24,No
CUST00279,58,58398.2,187385.63,583,24,Yes
CUST00280,60,54894.21,177052.42,638,48,No
CUST00281,40,44917.33,93056.81,574,48,No
CUST00282,55,34887.85,81078.13,675,24,No
CUST00283,45,78583.59,274222.64,633,36,Yes
CUST00284,55,103252.55,144188.13,651,84,No
CUST00285,45,39434.54,58120.66,736,24,Yes
CUST00286,49,37217.15,39015.55,561,12,No
CUST00287,38,61147.45,194913.66,681,48,No
CUST00288,38,41726.29,114057.36,649,12,Yes
CUST00289,22,46040.25,37611.59,625,120,No
CUST00290,55,68380.56,235591.68,716,48,Yes
CUST00291,36,20760.13,55904.65,716,36,No
CUST00292,61,88719.59,270733.71,579,36,Yes
CUST00293,56,50650.59,32641.89,636,48,No
CUST00294,53,40734.39,82075.02,671,12,No
CUST00295,24,47091.35,122239.48,630,84,No
CUST00296,53,48198.98,102607.9,694,48,Yes
CUST00297,34,22493.0,56231.2,671,24,Yes
CUST00298,41,96059.42,283723.23,787,48,Yes
CUST00299,40,49940.95,81054.72,535,24,No
CUST00300,28,59835.29,182258.65,641,12,Yes
CUST00301,27,75221.88,74375.51,582,48,No
CUST00302,23,30960.79,40640.93,695,48,No
CUST00303,37,60661.37,38218.9,529,48,No
CUST00304,53,43458.49,69241.56,676,24,Yes
CUST00305,32,71757.44,117662.73,603,48,No
CUST00306,42,18821.36,54879.54,595,12,Yes
CUST00307,42,46882.87,115303.36,542,48,Yes
CUST00308,50,37374.01,67653.22,615,48,No
CUST00309,58,59546.83,146267.38,731,48,Yes
CUST00310,58,60567.87,39874.86,648,84,No
CUST00311,65,35652.28,37107.41,697,84,No
CUST00312,28,35579.39,84708.96,775,120,No
CUST00313,47,46639.38,113058.54,670,120,No
CUST00314,47,32745.18,92420.13,608,60,Yes
CUST00315,54,71603.03,122369.53,685,120,No
CUST00316,41,41516.94,110753.18,609,84,Yes
CUST00317,50,15000.0,38279.11,612,60,No
CUST00318,53,41412.17,140394.72,536,12,Yes
CUST00319,48,30719.57,35185.91,719,12,No
CUST00320,53,23527.52,50702.72,621,60,Yes
CUST00321,25,28089.69,64754.97,664,36,No
CUST00322,39,51494.68,180022.5,572,60,Yes
CUST00323,24,89133.31,98363.28,683,36,No
CUST00324,55,56439.98,116811.23,593,36,No
CUST00325,37,37312.12,57406.78,639,60,No
CUST00326,64,60183.7,125042.4,716,84,Yes
CUST00327,48,39871.19,47701.33,709,12,No
CUST00328,50,35861.87,23053.34,648,84,No
CUST00329,49,29159.52,64666.96,517,60,Yes
CUST00330,26,22285.18,33596.31,850,36,No
CUST00331,55,41131.7,43016.53,781,36,No
CUST00332,61,52634.34,77467.57,704,12,Yes
CUST00333,57,46935.02,30406.41,594,12,No
CUST00334,44,40652.47,136239.71,641,36,Yes
CUST00335,49,32029.55,71856.49,609,12,No
CUST00336,51,64454.24,189773.01,745,24,Yes
CUST00337,55,27100.04,47949.58,670,60,No
CUST00338,53,69509.07,223120.22,591,48,Yes
CUST00339,41,31225.87,60889.03,615,48,Yes
CUST00340,52,34940.58,77632.24,734,24,No
CUST00341,43,25335.12,50046.54,770,60,No
CUST00342,53,39119.21,105615.41,765,84,No
CUST00343,23,76030.56,167264.82,707,48,Yes
CUST00344,38,61823.12,81284.84,631,84,Yes
CUST00345,45,76137.02,71311.35,407,60,Yes
CUST00346,62,62004.62,143749.85,672,60,Yes
CUST00347,51,29832.35,58696.34,650,60,No
CUST00348,23,42240.93,33282.77,660,24,No
CUST00349,60,34506.76,58207.81,654,36,No
CUST00350,44,89210.92,182376.49,551,12,No
CUST00351,52,28608.1,85271.58,692,12,No
CUST00352,42,73288.86,53376.51,697,24,Yes
CUST00353,43,73264.34,113229.02,701,84,No
CUST00354,22,111672.87,331441.55,721,24,No
CUST00355,47,40767.52,99687.67,695,120,No
CUST00356,62,67544.71,92527.81,619,48,No
CUST00357,22,136864.04,415519.96,645,24,No
CUST00358,46,37125.57,73504.2,657,36,No
CUST00359,37,24568.78,49016.08,658,24,Yes
CUST00360,60,21036.1,72148.82,725,120,Yes
CUST00361,53,67556.56,225730.08,698,60,No
CUST00362,29,21006.4,33097.64,806,12,No
CUST00363,63,41458.84,38214.16,815,84,No
CUST00364,59,59682.31,88150.78,656,60,No
CUST00365,49,53280.68,31512.85,362,12,Yes
CUST00366,62,59364.41,33380.83,743,48,No
CUST00367,46,54178.01,91374.81,609,48,Yes
CUST00368,55,87159.03,289634.64,590,24,No
CUST00369,45,31934.99,99447.86,620,60,Yes
CUST00370,44,36147.11,73535.1,617,12,Yes
CUST00371,33,34624.03,76023.26,696,36,No
CUST00372,27,71224.09,36879.87,533,12,No
CUST00373,56,73510.19,84279.69,569,120,No
CUST00374,65,60057.12,34492.15,676,60,No
CUST00375,40,83497.52,230755.3,697,24,No
CUST00376,21,28850.47,27031.08,698,36,No
CUST00377,28,103803.07,322530.81,591,24,Yes
CUST00378,36,97290.57,236413.45,577,60,Yes
CUST00379,34,68256.63,81106.35,612,12,No
CUST00380,32,109295.39,106362.01,668,60,No
CUST00381,43,23260.68,55427.27,761,84,No
CUST00382,35,38715.62,123987.2,496,48,Yes
CUST00383,48,35210.99,93488.02,633,24,Yes
CUST00384,54,67823.61,104830.88,550,36,Yes
CUST00385,22,30559.68,69130.6,526,36,Yes
CUST00386,52,68931.8,98729.99,723,48,No
CUST00387,43,90829.67,317672.11,691,48,No
CUST00388,42,67026.36,184089.08,684,48,No
CUST00389,45,55697.36,130506.99,719,36,No
CUST00390,42,31428.08,55620.71,614,84,Yes
CUST00391,42,33487.15,78844.05,618,12,No
CUST00392,62,86019.43,131166.57,814,36,No
CUST00393,26,69613.03,40834.62,632,60,No
CUST00394,35,48167.57,81175.15,705,12,No
CUST00395,63,40616.95,133688.35,650,60,Yes
CUST00396,57,19700.25,46864.99,511,60,Yes
CUST00397,53,30276.18,22763.66,497,48,Yes
CUST00398,28,115860.09,365536.36,607,12,Yes
CUST00399,64,27551.02,35998.84,729,24,No
CUST00400,64,53383.98,65732.15,709,36,No
CUST00401,25,77137.88,107319.84,719,24,No
CUST00402,59,27869.41,62193.56,576,120,Yes
CUST00403,24,53269.53,113680.6,771,48,No
CUST00404,26,74761.77,147597.77,578,36,No
CUST00405,65,49297.31,130766.57,666,84,No
CUST00406,52,178221.31,258351.96,649,60,Yes
CUST00407,50,23135.66,65848.57,637,36,No
CUST00408,55,78938.78,80988.43,750,36,No
CUST00409,60,45353.35,129160.1,597,24,Yes
CUST00410,36,69380.7,172857.18,549,120,Yes
CUST00411,33,59789.67,152441.23,651,48,Yes
CUST00412,62,35245.03,68539.61,620,84,Yes
CUST00413,50,54341.77,135909.02,850,36,No
CUST00414,39,21246.43,15709.42,701,84,No
CUST00415,37,64309.42,196442.99,619,12,Yes
CUST00416,39,56059.63,37371.69,571,120,Yes
CUST00417,48,65342.44,61828.62,509,84,No
CUST00418,46,78917.1,176014.26,573,36,Yes
CUST00419,57,57839.6,157221.59,659,60,Yes
CUST00420,46,52398.87,38185.92,757,60,No
CUST00421,43,32975.47,107575.69,734,84,Yes
CUST00422,29,35578.64,121708.23,667,36,Yes
CUST00423,32,83619.38,193817.22,626,36,Yes
CUST00424,21,93559.32,181854.09,670,84,No
CUST00425,21,44039.86,119972.72,611,60,Yes
CUST00426,54,50046.17,74322.17,779,36,No
CUST00427,52,32627.92,64596.54,636,60,No
CUST00428,45,83095.06,269930.4,644,12,Yes
CUST00429,60,66133.95,222670.78,484,60,Yes
CUST00430,65,117424.15,385292.98,635,24,No
CUST00431,21,33016.23,42503.25,713,36,No
CUST00432,36,41352.84,49516.19,570,36,No
CUST00433,59,54401.7,75781.22,594,36,No
CUST00434,25,65573.06,119600.89,709,48,No
CUST00435,42,44486.88,64172.42,539,48,No
CUST00436,49,33095.99,53702.82,729,36,No
CUST00437,23,72884.65,172147.05,610,24,Yes
CUST00438,32,67813.12,189034.3,621,60,Yes
CUST00439,46,32457.17,87851.0,566,36,Yes
CUST00440,36,90214.84,265526.7,678,48,No
CUST00441,57,82999.46,49513.59,834,48,No
CUST00442,42,52074.64,33494.48,709,84,No
CUST00443,49,50808.5,145726.34,585,60,Yes
CUST00444,34,62901.54,132045.21,735,12,No
CUST00445,48,33264.09,74326.02,626,60,No
CUST00446,25,49687.77,32682.66,753,120,No
CUST00447,50,18609.5,23558.54,711,36,No
CUST00448,25,72722.42,175629.22,429,120,Yes
CUST00449,32,24278.05,74716.81,575,48,Yes
CUST00450,36,96426.75,313478.56,721,36,No
CUST00451,46,42253.65,84560.48,661,36,No
CUST00452,46,44567.04,95214.04,573,48,Yes
CUST00453,41,36957.35,110840.6,602,24,Yes
CUST00454,59,43061.41,90983.33,507,24,Yes
CUST00455,56,92812.73,190319.52,643,12,No
CUST00456,53,16002.27,51451.33,816,36,Yes
CUST00457,50,87084.52,249915.0,710,36,No
CUST00458,57,57074.38,184191.44,814,48,No
CUST00459,43,28476.66,32883.17,716,36,No
CUST00460,30,30215.47,62640.49,727,120,No
CUST00461,25,104232.25,315554.42,798,36,No
CUST00462,56,32033.0,26697.7,678,36,No
CUST00463,54,29172.81,84133.99,636,24,Yes
CUST00464,51,81780.29,85780.99,727,36,No
CUST00465,30,57087.98,166945.59,759,12,No
CUST00466,39,32142.47,75084.9,614,48,Yes
CUST00467,52,54040.08,58347.51,596,60,No
CUST00468,21,30896.9,59323.98,660,24,Yes
CUST00469,25,80448.27,204798.41,712,36,No
CUST00470,65,79032.7,189801.67,710,12,No
CUST00471,24,62280.45,110967.67,543,60,Yes
CUST00472,36,57684.71,184481.45,793,60,No
CUST00473,44,108286.38,222830.66,602,12,No
CUST00474,36,49013.88,98890.5,630,36,Yes
CUST00475,22,28800.75,19778.97,582,120,No
CUST00476,48,60009.81,196013.71,850,36,No
CUST00477,52,125331.96,129261.08,668,48,No
CUST00478,47,31050.13,64740.58,586,36,No
CUST00479,40,41661.88,121265.35,715,48,No
CUST00480,44,59124.5,67777.95,708,120,No
CUST00481,32,47846.0,99621.11,636,120,Yes
CUST00482,55,31506.95,38503.22,713,60,No
CUST00483,53,81213.44,225699.05,588,36,Yes
CUST00484,53,139248.91,305376.13,613,36,No
CUST00485,63,53544.01,164269.15,499,36,Yes
CUST00486,57,32635.94,103902.19,551,120,Yes
CUST00487,32,24415.36,59724.86,786,60,No
CUST00488,23,55055.07,147336.93,773,36,No
CUST00489,21,80558.98,173013.32,655,12,Yes
CUST00490,53,60707.68,100367.17,775,48,No
CUST00491,60,48967.8,119694.63,638,120,No
CUST00492,30,37602.57,121263.24,632,48,No
CUST00493,63,29987.21,52478.85,654,24,No
CUST00494,64,71370.37,103003.86,641,12,No
CUST00495,49,73953.9,123156.23,634,36,No
CUST00496,33,24450.88,44163.01,736,84,No
CUST00497,32,100250.52,72248.85,661,120,No
CUST00498,51,63470.6,126644.51,703,84,Yes
CUST00499,22,92025.19,182480.68,727,60,No
CUST00500,55,26796.93,60703.93,679,48,Yes
CUST00501,43,26512.7,42114.37,577,48,Yes
CUST00502,37,45842.36,107240.08,549,48,Yes
CUST00503,46,61466.83,192676.93,661,60,Yes
CUST00504,28,110013.94,370352.35,637,36,Yes
CUST00505,49,67355.21,151605.58,657,48,No
CUST00506,46,43949.36,27590.22,649,24,No
CUST00507,30,30888.33,105258.41,844,36,No
CUST00508,46,85263.37,223184.22,550,60,Yes
CUST00509,54,31757.45,47886.77,501,84,Yes
CUST00510,61,102008.44,96038.2,675,48,No
CUST00511,27,43132.28,40124.06,622,12,No
CUST00512,24,100284.05,100608.29,674,84,No
CUST00513,65,66537.37,42365.51,694,60,No
CUST00514,31,46090.03,147785.96,746,36,Yes
CUST00515,49,38803.73,82353.34,537,48,No
CUST00516,56,42049.02,109322.33,608,36,No
CUST00517,45,59441.18,177391.83,682,36,No
CUST00518,41,50752.72,145894.94,708,84,No
CUST00519,56,37525.83,118124.44,815,24,No
CUST00520,30,45499.92,154779.98,722,24,No
CUST00521,57,50785.17,92287.41,646,12,Yes
CUST00522,29,18808.6,63027.74,583,36,Yes
CUST00523,44,60245.05,160846.44,608,24,Yes
CUST00524,55,31543.58,22459.17,606,24,No
CUST00525,55,29173.04,74255.58,699,12,No
CUST00526,56,22941.32,58733.22,669,24,Yes
CUST00527,38,21867.32,70359.89,551,36,Yes
CUST00528,59,26636.79,43119.54,617,12,Yes
CUST00529,52,35629.9,80335.96,716,48,No
CUST00530,44,118062.17,63347.75,676,48,Yes
CUST00531,43,38690.68,57889.99,693,12,No
CUST00532,52,53102.94,36467.44,679,48,No
CUST00533,57,58701.27,121254.45,772,120,No
CUST00534,32,51998.98,153518.82,668,84,No
CUST00535,33,47341.87,52991.08,621,12,No
CUST00536,43,28627.35,59611.39,581,60,Yes
CUST00537,45,94175.69,104725.81,669,36,No
CUST00538,55,110551.69,95302.79,467,12,Yes
CUST00539,61,22989.75,46737.94,636,36,No
CUST00540,50,30920.89,22802.48,635,36,Yes
CUST00541,37,43221.15,97769.0,548,48,Yes
CUST00542,40,31759.84,18865.74,580,48,Yes
CUST00543,45,61554.89,50483.93,711,60,No
CUST00544,42,35322.57,75943.26,667,24,Yes
CUST00545,33,129868.18,295349.1,658,36,No
CUST00546,39,83763.02,49165.61,673,36,No
CUST00547,56,53941.66,119757.52,657,36,No
CUST00548,32,77819.23,234664.48,743,120,No
CUST00549,61,80632.35,215042.33,659,60,No
CUST00550,39,38033.54,33985.07,541,120,Yes
CUST00551,32,33951.97,77323.03,772,48,No
CUST00552,29,50775.25,127788.99,678,36,No
CUST00553,27,72239.07,44188.18,606,36,No
CUST00554,48,52186.4,160005.75,556,36,Yes
CUST00555,34,24109.27,77602.97,680,36,Yes
CUST00556,51,34157.21,104225.84,641,60,Yes
CUST00557,39,47415.87,141009.79,768,36,No
CUST00558,36,47379.76,129578.7,624,36,Yes
CUST00559,25,119091.09,285853.88,587,60,No
CUST00560,55,26273.22,66625.76,717,84,Yes
CUST00561,32,61544.46,179659.72,719,36,No
CUST00562,45,95807.95,238321.83,663,48,No
CUST00563,41,136237.15,202064.33,701,12,No
CUST00564,56,40864.67,66522.91,647,48,Yes
CUST00565,43,61153.55,195151.52,668,12,Yes
CUST00566,36,63347.59,34927.72,737,12,No
CUST00567,59,53528.35,138984.31,697,48,No
CUST00568,65,46888.12,157747.23,637,36,Yes
CUST00569,62,59646.39,156195.08,751,60,No
CUST00570,59,15685.46,54612.63,473,84,Yes
CUST00571,34,66631.4,170751.94,804,24,No
CUST00572,51,51884.74,31291.12,522,60,No
CUST00573,25,44350.81,132211.08,603,48,Yes
CUST00574,55,123141.33,166719.78,647,24,No
CUST00575,43,36180.65,66506.25,639,48,No
CUST00576,49,40888.98,58727.85,725,48,No
CUST00577,63,120114.29,156828.7,571,48,Yes
CUST00578,31,33710.76,60484.42,670,84,Yes
CUST00579,38,38271.02,62621.12,607,48,No
CUST00580,32,45882.48,110118.67,672,120,No
CUST00581,29,71562.79,210355.5,645,48,No
CUST00582,30,53825.96,74886.23,657,24,Yes
CUST00583,64,27400.56,31268.52,609,36,No
CUST00584,37,38581.34,96479.81,612,24,No
CUST00585,58,37297.83,93653.37,672,48,No
CUST00586,27,47346.61,151669.83,721,48,Yes
CUST00587,33,59375.07,32527.86,605,36,No
CUST00588,60,59171.34,181012.35,585,12,Yes
CUST00589,62,22043.98,45476.87,696,36,Yes
CUST00590,29,79124.15,187042.07,648,12,No
CUST00591,47,54921.27,42515.34,712,48,No
CUST00592,22,91403.53,164329.36,582,60,No
CUST00593,25,59867.51,70757.84,517,120,No
CUST00594,49,80466.43,101602.96,610,24,No
CUST00595,57,60472.58,121688.09,593,48,Yes
CUST00596,58,89841.44,263897.36,644,48,Yes
CUST00597,39,62007.63,169364.09,602,84,Yes
CUST00598,28,46907.75,106621.31,706,48,Yes
CUST00599,65,136297.55,288712.91,628,24,No
CUST00600,21,73135.32,130321.15,661,36,No
CUST00601,42,63461.26,216918.83,662,48,Yes
CUST00602,37,27602.54,60189.48,665,60,No
CUST00603,27,27453.85,34643.99,648,84,No
CUST00604,45,55922.49,66563.0,688,24,No
CUST00605,65,52338.34,122160.78,590,120,Yes
CUST00606,24,37184.41,76915.3,755,12,No
CUST00607,56,52231.56,27321.98,632,120,No
CUST00608,26,100195.86,299605.27,552,84,Yes
CUST00609,51,67032.38,175113.18,664,48,Yes
CUST00610,39,29335.28,72912.48,586,60,Yes
CUST00611,64,46621.68,32930.85,700,12,No
CUST00612,59,34124.3,54126.86,816,12,No
CUST00613,47,41172.88,136123.58,591,24,Yes
CUST00614,30,40695.51,125658.28,675,12,Yes
CUST00615,46,39539.66,53640.64,518,48,No
CUST00616,39,27866.74,27063.53,684,24,No
CUST00617,59,46284.18,85499.09,584,84,Yes
CUST00618,23,38090.74,59706.9,603,36,No
CUST00619,65,15000.0,38200.19,567,48,Yes
CUST00620,33,123480.36,419747.33,705,48,No
CUST00621,48,80013.16,127141.26,726,36,No
CUST00622,40,41384.62,28417.68,652,24,No
CUST00623,48,49437.7,157846.77,585,36,No
CUST00624,28,28933.5,17760.81,769,60,No
CUST00625,61,105142.86,353101.02,594,48,Yes
CUST00626,59,115125.71,287093.39,488,36,Yes
CUST00627,21,52602.15,174905.71,684,60,No
CUST00628,23,77698.31,85388.82,567,12,No
CUST00629,33,53044.11,32998.71,724,48,No
CUST00630,48,26862.15,52774.18,621,36,No
CUST00631,45,40728.34,75423.6,695,60,No
CUST00632,53,52019.17,77741.44,755,84,No
CUST00633,58,39952.78,134759.51,559,60,Yes
CUST00634,26,44427.15,131848.73,608,36,No
CUST00635,64,47045.49,116896.1,644,24,No
CUST00636,65,47268.75,46728.7,765,60,No
CUST00637,52,50187.25,135654.64,601,36,Yes
CUST00638,65,30416.11,81546.73,605,12,Yes
CUST00639,41,35501.94,63023.2,686,60,No
CUST00640,36,27499.88,90044.44,607,36,Yes
CUST00641,41,76116.25,76187.32,661,12,No
CUST00642,31,19005.03,24744.79,534,84,Yes
CUST00643,57,82381.46,56816.27,816,36,No
CUST00644,56,91478.32,264038.71,549,36,Yes
CUST00645,55,42788.25,101206.11,626,60,No
CUST00646,39,15192.97,21951.12,648,84,Yes
CUST00647,40,41664.73,41308.12,793,12,No
CUST00648,38,47625.19,29548.73,551,48,Yes
CUST00649,61,31108.33,31115.69,799,60,No
CUST00650,34,38876.75,72305.08,707,24,No
CUST00651,35,97595.61,121167.97,681,36,No
CUST00652,51,66119.38,84430.91,576,12,No
CUST00653,21,32336.31,101106.88,693,60,No
CUST00654,23,23886.78,48858.33,596,60,No
CUST00655,36,42312.69,113726.18,745,24,Yes
CUST00656,43,44531.16,27036.33,577,60,No
CUST00657,31,61284.95,97779.53,642,60,Yes
CUST00658,32,38526.73,74645.85,608,36,No
CUST00659,30,61708.37,65364.63,576,48,Yes
CUST00660,52,117104.19,100776.89,706,12,No
CUST00661,36,70754.79,220111.88,690,84,No
CUST00662,28,47971.39,159183.22,741,48,Yes
CUST00663,58,45142.63,33243.94,517,48,Yes
CUST00664,32,41751.77,64592.33,730,48,No
CUST00665,44,83390.39,281430.63,838,48,Yes
CUST00666,48,36964.34,27704.23,616,84,No
CUST00667,28,50028.6,121615.73,792,48,No
CUST00668,48,50163.3,171391.15,630,84,Yes
CUST00669,56,39112.49,134338.54,547,48,Yes
CUST00670,46,26433.58,50585.15,627,24,No
CUST00671,28,56689.17,56022.92,729,84,No
CUST00672,48,47693.4,52760.96,587,48,No
CUST00673,48,61396.51,194553.52,605,48,Yes
CUST00674,57,38556.5,124732.17,695,120,Yes
CUST00675,61,84911.9,197304.6,650,12,No
CUST00676,56,33039.26,92461.33,694,36,No
CUST00677,47,105917.75,288074.43,668,24,Yes
CUST00678,37,22327.26,55493.62,686,48,No
CUST00679,29,59614.05,177759.01,618,60,Yes
CUST00680,53,60714.86,155200.53,667,120,Yes
CUST00681,40,34269.1,72033.89,580,36,No
CUST00682,33,59336.34,71848.54,747,60,No
CUST00683,48,87184.64,238159.18,602,84,Yes
CUST00684,49,18077.65,34714.76,735,48,No
CUST00685,33,61465.74,85091.64,632,24,No
CUST00686,55,15962.99,46385.88,665,48,Yes
CUST00687,26,31743.74,82220.76,613,120,Yes
CUST00688,38,102040.48,337959.98,574,120,Yes
CUST00689,25,37729.52,37590.86,519,48,No
CUST00690,45,28904.54,70745.82,571,84,Yes
CUST00691,22,44843.24,55279.09,626,24,No
CUST00692,30,124313.0,399137.83,666,24,No
CUST00693,50,21498.6,17166.59,726,120,No
CUST00694,65,30543.6,75396.43,617,24,No
CUST00695,25,96167.26,276313.27,584,24,Yes
CUST00696,53,113093.03,176962.72,542,36,Yes
CUST00697,21,46791.46,157332.27,686,48,Yes
CUST00698,38,28069.15,85672.44,754,48,No
CUST00699,52,125885.69,174207.53,745,36,No
CUST00700,31,100458.41,52501.9,703,84,No
CUST00701,41,66537.84,92485.7,698,84,No
CUST00702,46,34010.31,45707.52,777,36,No
CUST00703,45,47951.09,151999.86,675,36,No
CUST00704,42,45607.98,155129.32,698,60,No
CUST00705,47,56890.47,40467.33,626,48,No
CUST00706,33,94178.82,180247.38,548,36,Yes
CUST00707,53,72819.4,156197.32,599,36,No
CUST00708,54,30187.43,23508.01,649,36,No
CUST00709,61,91073.61,148677.04,655,24,No
CUST00710,55,56438.65,81906.44,794,36,No
CUST00711,21,66781.38,140786.44,656,48,No
CUST00712,41,94839.7,235541.29,738,60,No
CUST00713,26,29726.34,77599.28,617,60,Yes
CUST00714,48,48236.85,43908.32,627,36,Yes
CUST00715,37,38593.74,113420.95,550,60,Yes
CUST00716,25,24208.6,61383.96,594,12,Yes
CUST00717,51,57297.91,181475.36,690,36,No
CUST00718,25,151781.98,280494.34,651,60,No
CUST00719,58,21417.53,68143.5,721,48,No
CUST00720,23,48313.86,149643.6,664,36,Yes
CUST00721,43,65397.83,118711.97,624,48,No
CUST00722,57,51812.42,85150.08,811,84,No
CUST00723,57,46587.73,153666.65,643,48,No
CUST00724,30,27319.41,72273.34,737,60,No
CUST00725,30,54434.53,178803.06,620,120,Yes
CUST00726,39,34872.58,100813.99,703,60,Yes
CUST00727,37,18297.78,42595.26,720,48,No
CUST00728,41,83915.57,71123.34,666,12,No
CUST00729,34,75453.63,103706.64,473,36,No
CUST00730,29,50173.76,170918.28,651,48,Yes
CUST00731,21,54343.68,79247.56,742,60,No
CUST00732,65,79494.5,61987.0,690,36,No
CUST00733,33,54228.01,142221.64,683,120,Yes
CUST00734,24,73630.01,198949.23,521,36,Yes
CUST00735,21,42878.81,58159.67,596,60,No
CUST00736,60,88467.69,123236.9,681,36,No
CUST00737,52,56633.36,107981.64,681,36,No
CUST00738,54,53493.92,30243.69,741,60,No
CUST00739,48,27680.2,79385.96,639,36,Yes
CUST00740,51,55777.74,80948.36,680,12,No
CUST00741,28,33712.38,103203.35,651,48,No
CUST00742,59,36782.33,106959.02,576,48,Yes
CUST00743,46,33964.83,84375.64,481,60,No
CUST00744,54,30339.15,44738.86,682,120,No
CUST00745,23,127535.13,261313.06,663,12,No
CUST00746,32,89241.6,163712.62,604,48,Yes
CUST00747,21,116327.57,176427.7,529,48,Yes
CUST00748,64,28273.98,86077.56,697,120,No
CUST00749,25,50618.08,98731.64,630,84,Yes
CUST00750,50,27389.68,82118.9,692,60,No
CUST00751,50,35844.21,29236.52,790,48,No
CUST00752,37,32430.12,29935.41,489,24,Yes
CUST00753,43,85631.87,293885.23,598,36,Yes
CUST00754,35,41015.14,92829.79,634,48,No
CUST00755,57,79282.34,160888.37,759,60,No
CUST00756,41,64334.7,133138.62,527,48,Yes
CUST00757,34,138224.91,158378.98,795,60,No
CUST00758,22,25191.2,66910.64,660,36,No
CUST00759,31,86392.4,65169.4,643,60,No
CUST00760,59,82116.84,182297.01,635,24,No
CUST00761,58,31633.74,69983.53,617,24,Yes
CUST00762,54,77127.1,250089.66,729,24,No
CUST00763,58,57026.15,118531.61,570,84,No
CUST00764,54,44251.11,40321.08,676,12,No
CUST00765,38,33834.26,75053.18,621,60,No
CUST00766,50,35468.52,27452.03,593,24,Yes
CUST00767,35,123304.9,137038.79,844,36,No
CUST00768,47,49035.87,29094.24,681,84,No
CUST00769,54,69700.2,142180.1,696,48,No
CUST00770,58,34341.0,25879.3,735,24,No
CUST00771,53,34512.13,65855.46,543,36,Yes
CUST00772,44,79769.23,263145.54,781,84,No
CUST00773,35,26707.26,71022.2,462,36,Yes
CUST00774,50,40666.25,29777.25,592,48,No
CUST00775,62,49777.2,58370.21,616,36,No
CUST00776,37,51540.22,129932.24,694,36,No
CUST00777,25,45225.12,144001.56,666,24,Yes
CUST00778,49,58578.26,35074.07,637,48,No
CUST00779,24,66955.61,196672.29,649,60,Yes
CUST00780,30,68226.4,149104.82,577,36,Yes
CUST00781,37,31457.36,67264.45,538,60,Yes
CUST00782,30,43136.73,145519.15,704,84,Yes
CUST00783,37,83922.02,230192.55,702,84,No
CUST00784,40,73320.19,223652.73,769,24,No
CUST00785,44,26428.9,41281.59,591,36,No
CUST00786,25,57421.03,124206.98,702,84,No
CUST00787,54,20126.62,47221.42,629,24,Yes
CUST00788,26,50067.17,73335.98,739,12,No
CUST00789,22,115150.49,254568.3,727,84,No
CUST00790,33,31998.63,38717.26,666,36,No
CUST00791,63,33676.47,31323.39,625,36,No
CUST00792,63,69134.79,112130.46,722,36,Yes
CUST00793,31,24483.12,66541.91,699,60,No
CUST00794,43,36873.94,119787.26,599,36,Yes
CUST00795,36,64112.75,120092.29,550,84,No
CUST00796,51,36848.54,89485.61,628,48,No
CUST00797,31,44082.29,35667.48,764,48,No
CUST00798,36,68520.18,220182.15,736,36,No
CUST00799,28,59260.35,130717.23,567,24,Yes
CUST00800,24,55274.57,157035.87,562,48,Yes
CUST00801,60,42082.82,121338.39,746,36,No
CUST00802,24,57903.18,73504.7,565,84,Yes
CUST00803,45,46365.93,96789.96,688,36,No
CUST00804,23,60235.22,203681.74,604,48,No
CUST00805,52,39197.98,30139.47,771,36,No
CUST00806,23,45154.44,115105.43,592,60,No
CUST00807,47,31398.61,106340.57,736,36,No
CUST00808,49,48254.61,67640.0,664,36,No
CUST00809,52,34031.76,104965.65,669,84,Yes
CUST00810,39,29693.37,98017.0,502,48,Yes
CUST00811,41,55072.05,150966.73,485,48,Yes
CUST00812,25,53945.68,64410.33,633,48,No
CUST00813,38,69723.53,104724.89,669,60,No
CUST00814,48,40376.11,24525.58,566,36,No
CUST00815,62,58901.61,176372.61,568,12,Yes
CUST00816,42,62809.33,191495.19,692,60,Yes
CUST00817,41,59883.02,143607.32,692,24,Yes
CUST00818,26,33808.1,52658.94,640,60,No
CUST00819,21,52428.92,38295.82,709,12,No
CUST00820,25,57749.11,159339.78,562,36,Yes
CUST00821,61,49179.41,131780.09,623,12,Yes
CUST00822,32,19169.68,62067.73,774,48,No
CUST00823,46,52692.07,141825.77,655,48,No
CUST00824,54,132672.5,396171.34,659,24,Yes
CUST00825,34,41688.57,114137.63,823,36,No
CUST00826,46,35325.67,84501.18,545,84,No
CUST00827,65,57988.9,103272.38,710,36,No
CUST00828,47,56419.5,180900.77,775,60,No
CUST00829,29,83845.48,205665.06,626,84,No
CUST00830,46,27832.49,47177.91,714,120,No
CUST00831,42,68126.47,51122.64,576,84,No
CUST00832,50,63939.33,87732.09,598,36,No
CUST00833,63,45983.32,97998.74,679,120,No
CUST00834,37,57091.43,75754.97,710,60,No
CUST00835,46,77905.81,90659.46,734,60,No
CUST00836,56,72587.06,151139.36,768,12,No
CUST00837,21,29308.75,29586.04,645,120,No
CUST00838,28,70903.22,205706.56,740,60,No
CUST00839,55,47614.38,92995.86,624,60,Yes
CUST00840,35,50655.01,112534.58,718,12,No
CUST00841,42,50662.37,47731.54,666,24,No
CUST00842,34,45816.09,67520.5,683,120,No
CUST00843,46,83806.71,145008.16,682,48,No
CUST00844,48,47208.39,138067.47,530,36,Yes
CUST00845,43,29619.97,83246.29,566,60,Yes
CUST00846,34,41065.0,48002.21,658,12,No
CUST00847,44,53125.52,124767.26,523,36,Yes
CUST00848,22,85233.23,104868.33,712,36,No
CUST00849,65,64305.0,222800.2,715,36,Yes
CUST00850,46,33431.68,112209.14,675,36,No
CUST00851,34,149991.73,328451.01,566,24,Yes
CUST00852,27,55223.78,143400.02,754,24,No
CUST00853,23,87022.83,252739.63,803,48,No
CUST00854,43,45785.76,121927.26,661,84,Yes
CUST00855,63,62318.38,161995.76,688,48,No
CUST00856,65,71522.03,241434.2,665,36,Yes
CUST00857,38,84811.6,194164.99,690,24,No
CUST00858,58,78890.47,190039.89,641,60,Yes
CUST00859,55,72583.19,221219.5,647,120,Yes
CUST00860,35,42540.46,106762.63,718,36,No
CUST00861,45,37900.3,102285.25,826,36,No
CUST00862,57,56935.45,68465.22,545,48,No
CUST00863,48,74600.88,120390.96,642,60,No
CUST00864,30,44345.91,41769.59,561,36,No
CUST00865,59,79167.99,159705.3,769,48,No
CUST00866,37,94247.31,175976.9,606,60,Yes
CUST00867,59,32456.49,113321.46,542,120,Yes
CUST00868,42,33637.13,78496.48,698,24,No
CUST00869,46,46019.99,131586.54,781,120,No
CUST00870,64,56298.64,84563.04,700,36,No
CUST00871,45,38713.55,115932.99,665,60,Yes
CUST00872,37,90083.4,211268.54,681,48,No
CUST00873,33,59327.61,153716.47,756,36,No
CUST00874,40,49898.75,69024.56,584,48,Yes
CUST00875,45,25689.58,55127.66,642,36,No
CUST00876,24,27116.1,65135.88,616,24,No
CUST00877,30,55628.68,126126.02,562,36,Yes
CUST00878,23,18775.95,60938.87,625,48,Yes
CUST00879,61,77318.37,247018.12,733,24,No
CUST00880,65,45653.28,155812.46,692,84,No
CUST00881,38,210953.25,527864.95,698,24,No
CUST00882,56,138491.23,473050.37,661,36,Yes
CUST00883,42,45177.2,135415.68,689,24,Yes
CUST00884,54,46730.31,61333.36,590,48,No
CUST00885,28,76727.21,136751.44,627,36,No
CUST00886,60,105495.93,128196.26,664,36,No
CUST00887,64,23456.12,12023.41,671,24,No
CUST00888,39,21941.41,23348.87,674,12,No
CUST00889,62,37052.25,18977.49,640,60,No
CUST00890,61,63718.61,169460.62,622,48,No
CUST00891,57,61303.56,108912.08,850,36,No
CUST00892,26,79332.02,114057.56,718,12,No
CUST00893,46,28570.67,79573.96,681,84,Yes
CUST00894,54,17287.44,51818.42,633,24,No
CUST00895,65,72121.42,247080.67,616,84,No
CUST00896,26,33769.44,81926.04,640,36,No
CUST00897,57,19765.25,37249.33,672,36,Yes
CUST00898,53,52327.57,74085.0,509,60,No
CUST00899,42,70047.51,81742.27,532,84,Yes
CUST00900,41,46400.91,52840.33,602,36,No
CUST00901,26,39893.48,68918.7,666,36,No
CUST00902,26,45628.46,158575.28,632,36,No
CUST00903,24,41491.25,20851.89,761,84,No
CUST00904,50,26725.64,29174.18,539,48,No
CUST00905,31,35539.27,37855.68,594,24,No
CUST00906,50,61980.55,164332.66,764,24,No
CUST00907,51,56656.12,88239.31,660,24,No
CUST00908,44,52871.88,98964.66,716,36,No
CUST00909,29,31325.36,29629.79,804,24,No
CUST00910,23,45176.11,77476.63,598,48,Yes
CUST00911,51,18403.95,14899.83,643,24,No
CUST00912,60,53120.3,111506.41,630,36,Yes
CUST00913,57,93245.02,74019.3,503,48,Yes
CUST00914,56,25251.49,72510.29,627,36,No
CUST00915,44,37659.2,82842.9,716,12,No
CUST00916,51,56845.82,151886.55,691,12,Yes
CUST00917,26,86144.31,151230.57,696,24,No
CUST00918,22,40066.62,65888.51,622,60,No
CUST00919,40,35899.81,28526.95,601,48,Yes
CUST00920,48,20211.05,41868.54,745,12,No
CUST00921,31,51356.52,104947.38,613,36,No
CUST00922,24,122876.4,233994.28,672,36,Yes
CUST00923,35,55537.36,151147.99,662,48,No
CUST00924,26,48531.8,145474.71,760,48,No
CUST00925,50,56666.42,155966.9,723,36,Yes
CUST00926,58,48776.73,45440.27,553,36,Yes
CUST00927,22,34000.94,80452.29,561,24,Yes
CUST00928,35,71002.9,52610.97,693,60,No
CUST00929,31,54262.72,140207.64,645,84,Yes
CUST00930,28,49410.88,81306.46,616,84,No
CUST00931,46,31605.46,28365.8,726,12,No
CUST00932,65,88130.91,271985.43,664,60,Yes
CUST00933,64,66112.71,154837.62,654,60,No
CUST00934,25,38222.73,59787.04,708,84,No
CUST00935,26,76943.08,45564.27,622,36,No
CUST00936,46,39186.72,82759.64,768,60,No
CUST00937,24,34478.75,112734.4,591,12,Yes
CUST00938,39,34826.49,79722.69,699,48,Yes
CUST00939,40,22093.07,75446.77,758,36,Yes
CUST00940,53,60608.72,55114.74,547,60,Yes
CUST00941,40,21503.8,47414.06,624,84,Yes
CUST00942,32,28203.47,81631.42,736,36,Yes
CUST00943,21,19263.85,40003.74,737,48,No
CUST00944,46,47158.46,36462.88,637,24,No
CUST00945,34,45814.49,103021.12,595,36,Yes
CUST00946,58,42318.8,98823.44,722,36,No
CUST00947,57,30663.86,82367.05,739,24,Yes
CUST00948,31,28925.96,80519.3,563,84,Yes
CUST00949,56,60413.41,169901.72,560,24,Yes
CUST00950,33,38263.5,95288.86,667,48,No
CUST00951,63,56520.64,64853.68,697,84,No
CUST00952,23,32913.5,56371.19,628,84,No
CUST00953,53,53182.16,150419.89,701,60,No
CUST00954,26,88121.79,296113.97,597,24,Yes
CUST00955,30,63816.98,47022.96,491,60,Yes
CUST00956,25,40717.52,85775.94,618,36,No
CUST00957,43,55035.82,79117.67,655,84,Yes
CUST00958,30,43989.25,51739.35,629,60,No
CUST00959,64,49194.94,99247.45,563,60,Yes
CUST00960,22,42339.47,98154.24,514,12,Yes
CUST00961,33,45526.47,24097.92,611,48,No
CUST00962,60,53929.99,153194.59,717,60,Yes
CUST00963,22,31350.6,92786.69,744,84,No
CUST00964,40,31034.49,105409.65,739,12,No
CUST00965,21,26243.03,27343.43,589,84,Yes
CUST00966,57,23858.07,54483.66,563,12,Yes
CUST00967,29,28345.48,50451.44,687,48,Yes
CUST00968,37,52667.73,79237.73,698,48,No
CUST00969,29,32802.03,72062.79,680,24,Yes
CUST00970,31,61767.12,175860.21,499,12,Yes
CUST00971,35,49792.58,28339.86,585,60,Yes
CUST00972,44,20214.86,68896.29,648,36,Yes
CUST00973,58,65823.95,192840.79,687,24,No
CUST00974,55,70605.22,194408.73,708,60,No
CUST00975,50,31343.49,87171.33,661,60,Yes
CUST00976,51,59224.24,98737.59,675,48,Yes
CUST00977,25,33342.09,91852.85,656,24,No
CUST00978,64,51223.4,85046.76,701,12,No
CUST00979,34,27749.57,88690.97,673,60,Yes
CUST00980,31,21875.05,22567.77,655,48,No
CUST00981,29,41263.44,56821.5,630,48,No
CUST00982,54,46366.01,99872.97,656,60,No
CUST00983,32,40988.39,59746.03,686,36,No
CUST00984,55,28772.81,51005.9,670,24,Yes
CUST00985,55,40947.47,80964.12,679,84,Yes
CUST00986,21,55336.2,169830.12,751,48,No
CUST00987,60,48040.43,99423.36,670,48,No
CUST00988,42,53216.59,84474.93,601,84,Yes
CUST00989,49,36259.19,45077.73,716,84,No
CUST00990,28,83056.22,143357.36,548,48,Yes
CUST00991,31,28874.73,59112.59,569,36,Yes
CUST00992,61,61047.17,167168.19,675,120,Yes
CUST00993,57,83437.32,72018.62,689,48,No
CUST00994,34,60864.7,70896.88,557,36,Yes
CUST00995,50,44750.78,73344.83,621,48,No
CUST00996,55,38648.62,61111.01,605,36,No
CUST00997,41,78138.6,130901.24,613,84,No
CUST00998,57,25839.54,74432.44,721,36,No
CUST00999,25,31680.1,46647.78,703,60,Yes
CUST01000,39,40990.64,82214.7,649,60,No
CUST01001,34,85557.52,202918.58,609,60,Yes
CUST01002,46,58156.65,69586.51,549,60,No
CUST01003,24,31709.75,84223.83,757,84,No
CUST01004,45,42632.05,91289.46,694,36,Yes
CUST01005,65,37181.05,68425.9,597,24,No
CUST01006,62,35617.59,104336.46,704,60,No
CUST01007,45,76153.04,93705.23,645,36,No
CUST01008,38,26442.18,83280.38,628,24,Yes
CUST01009,60,101108.69,220735.05,683,24,No
CUST01010,28,71161.23,165629.52,594,24,No
CUST01011,59,80088.52,250290.79,624,60,Yes
CUST01012,60,39802.19,117525.84,659,60,No
CUST01013,34,45822.32,105606.07,613,24,No
CUST01014,52,25721.48,70980.05,700,60,Yes
CUST01015,58,38711.88,69679.78,790,36,No
CUST01016,53,61214.83,131130.32,593,60,No
CUST01017,43,87836.15,60274.08,525,36,No
CUST01018,35,29785.57,22922.19,500,60,Yes
CUST01019,53,41586.14,124270.87,639,36,No
CUST01020,45,45794.32,31095.03,600,36,No
CUST01021,37,26157.59,26372.01,666,60,No
CUST01022,53,63966.01,184701.72,660,12,No
CUST01023,22,35390.7,17817.02,530,120,No
CUST01024,34,44894.67,60482.68,514,48,No
CUST01025,60,39999.52,90083.56,672,36,No
CUST01026,60,34365.13,78570.71,660,48,Yes
CUST01027,59,48865.64,138361.04,618,24,Yes
CUST01028,26,44488.04,89767.02,526,48,Yes
CUST01029,26,41467.45,84104.51,685,120,Yes
CUST01030,23,35319.56,94512.73,745,24,Yes
CUST01031,27,56601.24,112968.91,671,60,No
CUST01032,28,103169.42,239917.73,586,36,Yes
CUST01033,62,52205.82,166710.0,653,48,Yes
CUST01034,35,76745.74,130801.83,548,24,No
CUST01035,49,26223.21,43409.25,729,36,No
CUST01036,53,52627.42,26874.03,656,120,No
CUST01037,50,29917.06,70014.26,517,24,No
CUST01038,59,25219.78,14862.41,627,48,No
CUST01039,47,35146.59,70730.6,685,48,No
CUST01040,56,83813.95,244125.01,625,48,Yes
CUST01041,49,75169.97,161597.64,629,48,No
CUST01042,58,54685.4,71578.18,558,48,No
CUST01043,53,24594.66,70303.97,692,12,Yes
CUST01044,57,44876.69,58750.36,601,84,No
CUST01045,47,56149.05,151551.64,488,60,Yes
CUST01046,53,53050.06,123647.77,622,24,No
CUST01047,24,21381.75,21595.33,724,36,No
CUST01048,42,32838.5,105588.97,621,60,No
CUST01049,22,47627.47,52482.19,780,120,No
CUST01050,30,62400.65,216452.95,682,120,Yes
CUST01051,25,18246.75,9523.55,675,84,No
CUST01052,30,45571.79,58808.12,640,24,Yes
CUST01053,53,52280.15,57486.25,645,84,No
CUST01054,58,71849.25,38940.87,630,84,No
CUST01055,33,66955.66,180586.36,627,36,Yes
CUST01056,51,63713.84,164399.38,690,36,Yes
CUST01057,56,34201.57,98399.73,580,36,Yes
CUST01058,65,20772.79,26383.43,569,48,No
CUST01059,44,41073.82,75288.54,566,36,No
CUST01060,35,76936.4,190597.66,803,12,No
CUST01061,49,91771.27,166959.98,690,24,No
CUST01062,28,67490.84,174934.73,673,36,Yes
CUST01063,25,59468.58,142838.79,571,36,Yes
CUST01064,49,58153.3,49078.09,697,60,No
CUST01065,24,38167.76,108515.88,641,24,Yes
CUST01066,32,46234.1,123076.52,666,84,No
CUST01067,65,103889.31,256347.2,577,84,Yes
CUST01068,22,32075.54,30961.9,662,84,No
CUST01069,47,101381.96,132201.0,618,60,Yes
CUST01070,51,42407.79,71225.2,593,24,No
CUST01071,56,89004.7,119247.51,705,36,No
CUST01072,56,26028.13,30802.49,535,24,Yes
CUST01073,46,63809.47,186073.07,692,120,Yes
CUST01074,63,35187.76,84967.77,701,36,No
CUST01075,47,25929.32,56951.58,584,48,Yes
CUST01076,25,54086.52,63706.25,588,60,Yes
CUST01077,40,77208.3,251253.54,633,84,Yes
CUST01078,31,33515.94,35981.01,671,60,No
CUST01079,30,24970.31,72035.67,639,48,No
CUST01080,60,47036.06,159923.45,683,36,No
CUST01081,58,47129.49,126367.27,782,48,No
CUST01082,26,62739.33,218243.55,612,12,No
CUST01083,28,75155.72,184368.51,521,84,Yes
CUST01084,43,47727.51,55000.28,712,48,No
CUST01085,46,112981.18,125573.89,776,12,No
CUST01086,63,54225.45,79911.66,679,84,No
CUST01087,32,41944.73,21869.57,568,36,Yes
CUST01088,46,23737.1,60413.18,641,84,Yes
CUST01089,33,43556.02,56884.31,566,84,Yes
CUST01090,60,42134.66,124109.73,698,60,Yes
CUST01091,38,75518.82,119132.29,549,12,Yes
CUST01092,45,60362.16,117094.71,627,24,Yes
CUST01093,53,28833.23,97948.41,575,84,Yes
CUST01094,60,52971.77,64970.74,660,84,No
CUST01095,63,66316.17,176650.51,623,36,No
CUST01096,32,97500.63,269623.7,663,36,No
CUST01097,64,73084.88,84997.31,652,24,No
CUST01098,56,69035.83,138278.11,576,120,Yes
CUST01099,24,50364.34,78095.24,697,24,No
CUST01100,25,58380.69,164383.6,646,24,Yes
CUST01101,57,86015.02,203636.26,576,48,Yes
CUST01102,28,26909.92,51880.96,818,24,No
CUST01103,62,41887.9,118881.62,686,84,No
CUST01104,48,34625.44,41739.82,639,12,No
CUST01105,51,58140.57,160518.3,756,12,No
CUST01106,29,85271.88,264012.22,788,48,No
CUST01107,49,37472.46,117508.57,639,36,No
CUST01108,34,16720.04,47669.18,676,24,No
CUST01109,60,40721.06,70204.84,576,36,Yes
CUST01110,61,73943.99,254768.4,639,36,Yes
CUST01111,42,62438.26,102322.63,635,84,Yes
CUST01112,31,59437.69,143594.1,664,12,No
CUST01113,43,43217.6,42492.52,675,120,No
CUST01114,21,27568.69,94873.42,692,48,Yes
CUST01115,57,61813.83,161455.11,668,24,No
CUST01116,41,33677.09,92953.24,559,12,Yes
CUST01117,46,130985.71,91340.28,580,48,No
CUST01118,56,63368.88,176815.24,609,24,Yes
CUST01119,43,37748.77,106608.95,629,36,Yes
CUST01120,21,37230.24,93645.9,729,24,No
CUST01121,60,47012.8,64676.86,563,48,No
CUST01122,35,44012.29,86663.29,623,48,Yes
CUST01123,41,81030.04,67360.52,721,12,Yes
CUST01124,29,53310.43,102076.74,628,48,Yes
CUST01125,29,35269.21,43433.03,685,60,No
CUST01126,30,114771.48,177584.87,640,12,Yes
CUST01127,46,50120.67,49509.26,669,84,No
CUST01128,61,69284.59,82459.96,633,48,No
CUST01129,55,37283.2,27205.77,700,120,No
CUST01130,45,57722.48,188158.2,534,24,Yes
CUST01131,46,56387.31,117918.95,623,120,No
CUST01132,31,20945.05,35401.87,672,48,No
CUST01133,58,121403.36,255564.71,690,48,No
CUST01134,22,87622.23,208968.48,762,48,No
CUST01135,27,40997.33,133882.37,621,12,Yes
CUST01136,38,29851.15,30928.15,761,84,No
CUST01137,47,57319.88,79483.04,601,48,Yes
CUST01138,54,50971.09,174696.68,750,12,No
CUST01139,47,57529.38,92828.2,711,12,No
CUST01140,37,53434.39,30333.9,581,12,Yes
CUST01141,63,61562.52,58049.18,673,48,No
CUST01142,64,94022.33,54440.44,646,48,No
CUST01143,44,63300.37,219637.69,697,36,No
CUST01144,45,30566.35,40855.37,633,36,Yes
CUST01145,27,90504.36,296006.12,627,48,Yes
CUST01146,26,102567.52,357720.52,753,48,No
CUST01147,44,202485.9,465621.12,643,12,Yes
CUST01148,53,29567.4,17728.29,712,36,No
CUST01149,49,54682.38,40726.06,633,12,Yes
CUST01150,63,19207.49,37354.1,775,84,No
CUST01151,42,62875.83,108053.12,599,60,No
CUST01152,46,38304.01,88809.07,604,120,No
CUST01153,48,116488.82,211607.0,764,36,No
CUST01154,41,34593.58,114235.98,617,84,No
CUST01155,27,22922.35,48233.65,770,48,No
CUST01156,37,39653.37,102352.41,717,36,No
CUST01157,40,20151.43,64272.1,638,24,No
CUST01158,61,68733.69,64651.98,514,60,No
CUST01159,40,19355.13,23017.2,649,84,No
CUST01160,42,49652.59,40812.24,658,24,No
CUST01161,48,19244.58,17684.14,738,24,No
CUST01162,60,42440.82,86483.86,769,48,No
CUST01163,27,102695.15,150298.23,599,120,Yes
CUST01164,21,57658.42,102027.64,710,60,No
CUST01165,52,33237.3,114584.58,707,36,Yes
CUST01166,33,48337.28,46892.63,731,36,No
CUST01167,50,49419.86,104890.5,687,36,No
CUST01168,43,60638.4,48305.37,504,84,No
CUST01169,39,26500.36,38570.98,638,60,Yes
CUST01170,52,64001.08,133287.23,563,48,No
CUST01171,50,15000.0,50098.43,635,36,Yes
CUST01172,49,36921.6,61795.12,724,84,No
CUST01173,65,39351.0,27337.93,673,48,No
CUST01174,49,65185.81,108500.76,736,120,No
CUST01175,50,49522.57,46413.72,676,48,No
CUST01176,36,26042.8,30990.12,553,60,Yes
CUST01177,60,31468.84,74086.2,461,60,Yes
CUST01178,39,53605.45,37645.59,661,36,No
CUST01179,38,47307.29,89608.11,634,120,No
CUST01180,21,37774.67,87953.97,577,12,Yes
CUST01181,34,39482.97,69710.15,522,60,Yes
CUST01182,22,67055.48,37375.32,595,120,No
CUST01183,48,38833.49,134230.21,635,36,Yes
CUST01184,50,47115.58,75448.41,700,48,No
CUST01185,58,130153.72,369081.01,664,48,No
CUST01186,24,25831.32,38151.3,771,60,No
CUST01187,21,21304.44,41012.12,572,84,Yes
CUST01188,28,69746.0,116154.36,716,48,No
CUST01189,49,36120.31,55178.02,654,60,Yes
CUST01190,59,42480.19,24024.85,702,36,No
CUST01191,23,34491.89,54499.35,617,24,No
CUST01192,52,43612.1,138183.63,730,36,Yes
CUST01193,30,100643.73,258773.15,672,48,No
CUST01194,30,70330.29,65848.04,599,24,No
CUST01195,39,72258.16,164276.4,649,48,Yes
CUST01196,54,25918.13,82333.93,632,36,Yes
CUST01197,53,29201.66,75927.3,687,60,Yes
CUST01198,43,15000.0,14190.8,562,12,No
CUST01199,48,34056.58,105694.51,648,48,No
CUST01200,52,75396.52,105904.37,680,48,No
CUST01201,27,61859.81,115197.1,652,84,No
CUST01202,49,44370.01,92219.88,751,60,No
CUST01203,28,48531.33,148094.32,708,60,No
CUST01204,21,35954.21,118462.74,649,84,Yes
CUST01205,23,53752.29,176789.06,666,48,Yes
CUST01206,44,69192.33,36247.27,672,36,No
CUST01207,43,23691.01,77366.91,680,84,Yes
CUST01208,28,56097.22,37201.48,513,60,Yes
CUST01209,57,74577.62,96751.11,627,36,Yes
CUST01210,23,40668.33,83165.25,539,60,No
CUST01211,53,67192.39,130338.26,746,84,No
CUST01212,48,173962.41,402571.52,645,120,Yes
CUST01213,28,46772.27,90660.5,635,120,No
CUST01214,54,58512.06,193272.77,717,36,No
CUST01215,55,35167.38,42962.11,682,36,No
CUST01216,52,53186.67,70316.72,565,24,Yes
CUST01217,44,60302.1,196718.34,645,24,No
CUST01218,34,53512.96,39076.16,625,84,No
CUST01219,52,30981.24,72145.47,519,36,Yes
CUST01220,63,53791.07,136909.45,598,48,Yes
CUST01221,36,94654.45,190882.55,636,48,No
CUST01222,24,59987.18,154928.63,641,60,Yes
CUST01223,57,75576.01,76956.33,539,24,No
CUST01224,41,44061.63,134735.91,736,36,No
CUST01225,34,68696.61,63206.18,642,36,No
CUST01226,51,55585.1,94630.15,653,36,No
CUST01227,38,31955.2,23192.22,680,120,No
CUST01228,27,56575.68,120824.9,591,60,No
CUST01229,30,31374.05,78724.94,684,36,Yes
CUST01230,27,36871.86,122549.71,622,84,Yes
CUST01231,53,53380.34,145088.22,583,36,Yes
CUST01232,43,56036.58,118982.96,693,60,No
CUST01233,41,28705.54,94666.6,762,24,Yes
CUST01234,39,78770.48,152445.34,704,60,No
CUST01235,39,63411.65,138466.75,719,36,No
CUST01236,56,35698.79,81689.38,611,24,No
CUST01237,49,24540.67,42453.87,530,36,Yes
CUST01238,38,45926.29,138488.34,762,36,No
CUST01239,22,40107.77,42334.87,804,60,No
CUST01240,21,51581.23,111648.94,766,12,No
CUST01241,25,41630.88,111017.06,625,48,Yes
CUST01242,40,19863.6,63800.46,563,60,Yes
CUST01243,31,41160.89,129729.05,570,48,Yes
CUST01244,62,42722.09,86564.39,524,60,Yes
CUST01245,22,65195.61,158391.71,642,24,Yes
CUST01246,23,35803.83,60247.58,770,48,No
CUST01247,43,104339.32,198717.71,639,84,No
CUST01248,32,20738.8,66754.0,673,48,Yes
CUST01249,40,88435.2,291138.58,753,48,No
CUST01250,25,44314.02,141195.2,620,60,Yes
CUST01251,57,72172.42,66045.89,803,36,No
CUST01252,58,50813.16,154992.95,799,60,No
CUST01253,50,81862.8,273838.53,640,84,Yes
CUST01254,29,41179.14,65217.43,607,12,No
CUST01255,54,29900.21,61473.0,702,84,No
CUST01256,64,92895.17,263570.14,624,24,No
CUST01257,55,46580.33,101835.52,563,36,Yes
CUST01258,42,54160.18,188501.83,746,84,No
CUST01259,64,85445.87,159539.41,741,60,Yes
CUST01260,44,30810.79,81396.81,662,84,Yes
CUST01261,37,64085.34,184423.09,555,84,Yes
CUST01262,30,37592.03,74518.73,558,36,Yes
CUST01263,50,46190.24,141847.98,658,48,Yes
CUST01264,43,50641.44,108294.88,613,36,No
CUST01265,52,24956.76,43298.79,624,36,No
CUST01266,37,34527.91,28432.73,727,36,No
CUST01267,37,90037.61,151284.86,705,60,No
CUST01268,34,73041.72,197344.8,753,48,Yes
CUST01269,29,47658.31,155550.02,576,60,Yes
CUST01270,60,54688.33,68635.94,624,60,Yes
CUST01271,22,42941.37,67233.58,707,12,No
CUST01272,65,90261.16,86820.67,684,48,No
CUST01273,45,44794.53,115219.09,765,36,No
CUST01274,59,54411.4,183941.29,682,36,No
CUST01275,29,82101.66,198920.55,789,60,Yes
CUST01276,42,34550.69,81236.6,691,48,Yes
CUST01277,63,98859.52,213583.01,730,84,No
CUST01278,24,24619.46,18842.93,626,60,No
CUST01279,46,102062.33,274395.75,651,48,Yes
CUST01280,49,41452.19,95594.91,718,60,No
CUST01281,65,43949.02,109188.28,771,12,No
CUST01282,54,20941.65,66938.59,705,12,No
CUST01283,43,39948.34,113927.97,644,12,Yes
CUST01284,57,30702.12,87278.32,753,36,No
CUST01285,31,37292.93,122378.66,486,24,Yes
CUST01286,26,46083.49,159900.72,543,120,Yes
CUST01287,38,75433.46,169261.23,701,48,No
CUST01288,41,53821.13,44490.96,651,48,No
CUST01289,62,56300.26,105697.53,695,36,No
CUST01290,56,29941.96,85717.95,655,36,Yes
CUST01291,61,32980.13,19233.22,693,36,No
CUST01292,58,110131.05,73860.74,589,48,No
CUST01293,54,35212.61,24700.71,693,36,No
CUST01294,37,103289.78,278170.46,725,48,Yes
CUST01295,57,43941.85,88037.49,742,48,No
CUST01296,45,49071.3,78842.55,801,60,No
CUST01297,58,79353.22,64819.77,668,12,No
CUST01298,32,86885.95,234307.14,671,60,No
CUST01299,43,46636.29,68231.66,536,48,Yes
CUST01300,62,41162.82,53345.87,610,48,No
CUST01301,42,47802.62,117449.01,636,36,No
CUST01302,41,57072.68,124249.09,729,36,No
CUST01303,47,73209.95,116201.17,604,24,No
CUST01304,51,49114.2,119075.53,710,120,No
CUST01305,26,64763.59,85077.63,650,36,No
CUST01306,47,102463.5,295555.02,637,120,Yes
CUST01307,60,58197.01,69135.54,669,36,No
CUST01308,54,56401.09,55076.4,621,24,No
CUST01309,32,24747.76,70464.75,618,48,No
CUST01310,65,15005.49,39369.55,522,12,Yes
CUST01311,27,58382.36,61179.86,631,84,Yes
CUST01312,30,46973.04,39867.77,614,60,No
CUST01313,65,38884.38,117244.08,611,60,No
CUST01314,37,54698.34,154785.11,681,48,Yes
CUST01315,46,47706.28,70689.84,699,48,No
CUST01316,41,81430.17,201506.47,667,120,Yes
CUST01317,48,50957.64,44459.55,725,36,No
CUST01318,22,35027.35,70795.28,693,60,No
CUST01319,63,76540.46,42571.11,628,48,No
CUST01320,21,44457.59,74457.82,615,120,Yes
CUST01321,56,62127.34,45013.03,673,60,No
CUST01322,46,39543.84,76139.35,693,120,No
CUST01323,49,36591.74,64586.07,755,48,No
CUST01324,41,50913.11,93331.63,739,24,No
CUST01325,31,49304.61,31357.43,609,48,No
CUST01326,60,60835.1,96414.45,642,60,No
CUST01327,31,43438.85,120301.79,700,60,No
CUST01328,56,21453.39,34470.09,730,12,No
CUST01329,59,40346.17,106736.43,720,48,No
CUST01330,60,70067.78,112699.55,645,24,Yes
CUST01331,55,42880.86,75887.04,556,84,Yes
CUST01332,54,43876.21,96162.45,575,24,Yes
CUST01333,44,76410.04,256129.95,670,48,Yes
CUST01334,42,35582.6,29411.91,676,36,No
CUST01335,25,24483.1,14659.04,568,36,No
CUST01336,53,45602.42,105974.17,653,84,No
CUST01337,56,39423.67,131962.51,697,24,Yes
CUST01338,40,31735.43,110095.58,564,12,Yes
CUST01339,39,45300.79,88449.46,733,12,No
CUST01340,55,61155.65,116455.33,622,48,Yes
CUST01341,63,48816.33,118862.46,744,48,No
CUST01342,37,56282.64,121959.09,610,36,No
CUST01343,65,110861.11,266317.67,573,48,Yes
CUST01344,63,42011.75,131160.61,616,12,Yes
CUST01345,54,55562.12,152180.12,643,84,Yes
CUST01346,29,38981.95,77598.72,621,60,Yes
CUST01347,46,33494.55,63157.1,634,120,No
CUST01348,22,37676.49,91132.09,675,84,No
CUST01349,29,39519.86,73788.28,637,36,No
CUST01350,29,57628.02,107956.76,645,36,No
CUST01351,60,141080.24,77441.44,522,60,Yes
CUST01352,37,35517.49,36305.71,679,24,No
CUST01353,21,40640.43,79880.43,643,36,No
CUST01354,45,47647.94,141417.2,771,24,No
CUST01355,63,58577.71,78270.42,580,36,Yes
CUST01356,60,55193.36,114136.02,514,48,Yes
CUST01357,62,87364.4,134094.42,696,24,No
CUST01358,45,16450.7,13397.65,676,12,No
CUST01359,59,16745.44,56514.11,574,60,Yes
CUST01360,55,39216.58,120160.45,535,12,Yes
CUST01361,23,80320.9,59074.2,765,120,No
CUST01362,57,24232.7,64443.52,756,24,Yes
CUST01363,64,15000.0,23141.1,463,48,Yes
CUST01364,64,63388.06,220878.83,616,36,Yes
CUST01365,50,54701.46,76975.65,775,12,No
CUST01366,58,30013.61,36503.01,614,36,Yes
CUST01367,54,31461.1,69329.93,613,48,Yes
CUST01368,32,31685.53,95227.01,629,84,No
CUST01369,39,51520.8,55516.58,566,60,Yes
CUST01370,57,36980.95,97193.64,522,12,Yes
CUST01371,64,61226.09,41892.1,729,24,No
CUST01372,37,15000.0,48852.06,512,36,Yes
CUST01373,30,33336.78,24776.72,669,24,No
CUST01374,32,29533.36,95767.65,716,36,No
CUST01375,36,43680.05,86155.48,541,120,Yes
CUST01376,44,38479.41,70966.55,581,48,No
CUST01377,39,70194.81,240060.72,741,60,No
CUST01378,28,21232.72,73702.01,690,48,Yes
CUST01379,51,50034.66,122611.65,604,60,Yes
CUST01380,41,63022.77,55545.61,740,24,No
CUST01381,37,113039.36,228171.11,740,60,Yes
CUST01382,43,39466.41,82385.71,670,84,No
CUST01383,57,56727.05,115912.61,582,24,Yes
CUST01384,36,21769.43,48077.25,619,36,Yes
CUST01385,26,16707.61,9292.34,671,120,No
CUST01386,28,71693.01,188816.58,636,60,No
CUST01387,45,48898.3,128953.76,720,36,No
CUST01388,38,83310.57,70514.84,535,48,No
CUST01389,45,26422.43,58412.55,538,36,No
CUST01390,32,61942.14,136587.59,664,36,Yes
CUST01391,35,113660.14,289532.3,613,36,Yes
CUST01392,46,59211.29,44775.17,603,36,No
CUST01393,61,55517.95,132105.51,517,48,Yes
CUST01394,65,49209.91,66052.29,651,60,No
CUST01395,46,24175.7,48859.31,646,84,Yes
CUST01396,52,90220.13,254418.12,699,24,Yes
CUST01397,30,37239.08,97452.36,655,60,No
CUST01398,36,61513.84,52699.46,640,36,No
CUST01399,27,24261.22,55159.2,738,36,No
CUST01400,37,28832.06,98240.91,552,84,Yes
CUST01401,43,93506.79,90730.42,690,36,No
CUST01402,46,41928.2,128246.68,525,24,Yes
CUST01403,41,94275.25,245836.31,587,24,Yes
CUST01404,42,47325.11,133551.93,559,36,Yes
CUST01405,27,21400.0,28801.72,709,60,No
CUST01406,34,73235.12,99868.3,645,120,No
CUST01407,35,37592.07,120973.48,649,60,Yes
CUST01408,27,67131.59,106034.08,567,84,Yes
CUST01409,29,49580.1,34162.98,628,60,No
CUST01410,28,24479.63,56346.97,593,84,Yes
CUST01411,43,52782.38,46155.71,679,12,No
CUST01412,49,131702.44,380592.23,576,84,Yes
CUST01413,38,61196.42,148415.96,750,36,Yes
CUST01414,51,47768.28,149236.68,524,84,Yes
CUST01415,50,79531.19,227022.72,590,12,Yes
CUST01416,59,53895.42,45074.95,776,60,No
CUST01417,55,53867.92,88516.41,617,60,No
CUST01418,38,29994.48,84694.84,551,120,Yes
CUST01419,62,54460.54,95416.2,666,60,No
CUST01420,59,78115.95,266929.74,614,36,Yes
CUST01421,37,33650.12,91098.32,587,48,Yes
CUST01422,34,93062.18,50858.46,568,36,No
CUST01423,51,47039.0,147700.44,850,24,No
CUST01424,44,32876.18,26380.32,631,24,Yes
CUST01425,55,76798.04,70774.86,506,24,No
CUST01426,64,43085.53,116480.75,762,48,No
CUST01427,65,68994.47,213531.38,696,84,Yes
CUST01428,54,42989.39,90666.72,593,84,Yes
CUST01429,23,47718.68,65238.56,580,12,No
CUST01430,57,61212.22,95120.52,701,12,No
CUST01431,63,55876.75,85417.0,631,24,No
CUST01432,60,19970.48,29557.0,506,36,Yes
CUST01433,46,29597.36,36367.14,784,12,No
CUST01434,43,74476.17,173276.35,617,36,Yes
CUST01435,64,46190.92,147867.11,762,48,No
CUST01436,59,38728.11,55042.22,746,48,No
CUST01437,35,26599.34,28197.51,575,48,No
CUST01438,24,30155.38,90940.57,727,36,Yes
CUST01439,49,19735.82,53787.02,601,60,No
CUST01440,42,46836.76,154210.55,510,60,Yes
CUST01441,45,37447.79,37318.94,618,36,No
CUST01442,33,31730.56,29596.8,680,12,Yes
CUST01443,38,47540.84,100990.44,615,36,Yes
CUST01444,53,57744.7,135313.21,627,24,Yes
CUST01445,36,125735.91,243993.09,736,36,No
CUST01446,65,24826.14,57023.16,658,24,Yes
CUST01447,62,82596.41,85994.37,587,36,No
CUST01448,64,75954.95,147264.59,703,24,No
CUST01449,22,34523.94,85421.81,665,60,No
CUST01450,55,53715.46,96586.81,461,12,Yes
CUST01451,62,39897.34,101273.09,682,48,Yes
CUST01452,54,53292.98,98782.47,679,24,No
CUST01453,50,96674.89,145089.55,652,12,No
CUST01454,33,64377.71,90825.05,717,84,No
CUST01455,33,61628.13,106783.44,600,48,No
CUST01456,38,40390.94,22993.3,675,12,No
CUST01457,52,25138.97,62987.59,532,48,No
CUST01458,52,44631.24,135469.96,681,48,No
CUST01459,55,84370.55,131945.52,796,36,No
CUST01460,59,24655.97,15732.96,575,36,Yes
CUST01461,49,30491.7,105511.25,593,84,Yes
CUST01462,49,51886.84,66990.83,597,24,No
CUST01463,64,31473.63,27692.49,660,36,No
CUST01464,36,34315.91,55223.14,570,36,No
CUST01465,64,40513.1,110020.26,682,60,Yes
CUST01466,30,26515.17,36637.33,714,84,No
CUST01467,50,31623.16,70333.37,690,60,No
CUST01468,45,67274.9,117507.72,517,60,No
CUST01469,59,27219.36,23226.06,725,120,No
CUST01470,40,23883.84,35607.49,720,48,Yes
CUST01471,25,36919.26,98744.68,712,60,No
CUST01472,21,68144.11,159185.44,678,120,Yes
CUST01473,50,44863.74,38552.99,667,12,No
CUST01474,23,39772.8,39373.77,727,48,No
CUST01475,65,50009.16,121132.19,794,60,No
CUST01476,34,22346.65,65704.65,579,84,Yes
CUST01477,50,61243.78,94831.31,731,84,No
CUST01478,24,58252.7,133161.73,644,60,Yes
CUST01479,38,40774.46,41260.93,640,84,No
CUST01480,57,77085.16,110550.06,535,48,No
CUST01481,45,29514.2,16551.88,629,12,No
CUST01482,21,81434.89,228410.85,575,12,Yes
CUST01483,35,52550.09,89494.35,615,48,Yes
CUST01484,29,42131.52,124219.59,568,36,Yes
CUST01485,35,48584.36,127539.73,616,36,Yes
CUST01486,44,46710.81,139489.35,620,36,Yes
CUST01487,24,84891.33,115195.5,657,84,No
CUST01488,32,30196.9,31867.58,529,36,No
CUST01489,57,34782.38,118806.77,542,84,Yes
CUST01490,57,78146.17,207242.34,677,84,Yes
CUST01491,63,37496.74,112569.97,590,36,Yes
CUST01492,26,73514.64,39653.81,731,36,No
CUST01493,59,105318.69,164653.65,667,60,No
CUST01494,44,40912.55,111627.85,696,60,Yes
CUST01495,31,66610.2,48888.46,756,36,No
CUST01496,33,29168.32,64229.22,627,24,Yes
CUST01497,54,68846.18,123043.15,607,36,No
CUST01498,45,53623.4,29645.67,715,24,No
CUST01499,27,60649.53,73260.19,688,36,No
CUST01500,24,36661.87,49653.96,636,36,No
CUST01501,28,23214.04,19397.18,754,48,No
CUST01502,40,61479.77,147220.12,634,120,No
CUST01503,49,19369.76,23770.45,652,48,No
CUST01504,65,42497.15,56642.69,652,84,No
CUST01505,30,74871.74,239193.93,580,60,Yes
CUST01506,63,53442.09,101613.15,656,60,No
CUST01507,54,117801.25,197480.18,755,36,No
CUST01508,46,77753.52,207727.32,683,36,Yes
CUST01509,61,36524.76,117932.66,652,60,No
CUST01510,23,49627.03,28540.95,638,84,No
CUST01511,26,47986.89,88522.21,675,36,No
CUST01512,25,24053.13,56100.18,706,12,No
CUST01513,25,32106.72,46737.41,696,60,No
CUST01514,43,38088.12,107302.73,625,36,No
CUST01515,29,19608.15,66950.68,674,12,Yes
CUST01516,55,50079.75,166779.69,686,60,No
CUST01517,40,43823.16,56880.17,574,48,Yes
CUST01518,62,23090.99,27224.62,663,48,No
CUST01519,55,58799.92,198301.06,488,84,Yes
CUST01520,38,67652.71,126908.74,686,48,No
CUST01521,37,54293.81,61074.74,700,48,No
CUST01522,44,42368.88,111048.45,706,36,Yes
CUST01523,23,63968.69,86566.33,620,36,No
CUST01524,52,66575.98,86664.68,673,60,Yes
CUST01525,55,56293.35,176634.3,757,36,No
CUST01526,58,33823.95,33399.04,756,24,No
CUST01527,33,55518.43,38484.2,648,12,No
CUST01528,45,83949.13,109768.47,660,36,No
CUST01529,29,37478.28,86980.95,733,36,No
CUST01530,24,126004.48,109531.1,537,48,No
CUST01531,34,38695.02,74092.61,626,36,Yes
CUST01532,57,49740.92,118483.44,750,24,Yes
CUST01533,54,36220.53,110335.38,723,48,No
CUST01534,31,54201.93,64479.09,678,84,No
CUST01535,61,22381.73,66071.74,537,24,Yes
CUST01536,23,38341.23,46190.4,646,48,No
CUST01537,48,29987.79,75878.09,606,48,Yes
CUST01538,49,52099.06,93362.59,675,60,No
CUST01539,29,76688.06,64728.08,589,24,No
CUST01540,23,65558.8,173258.17,573,84,No
CUST01541,45,16860.91,19445.48,495,48,No
CUST01542,54,122876.04,126546.38,742,60,No
CUST01543,32,55987.07,88177.89,620,24,Yes
CUST01544,62,34564.26,85023.61,662,60,Yes
CUST01545,29,52612.42,63239.57,650,60,Yes
CUST01546,35,53065.67,55771.2,570,36,Yes
CUST01547,60,36312.53,19240.59,556,36,No
CUST01548,45,53587.04,102615.39,575,48,No
CUST01549,25,37295.85,66608.03,596,12,No
CUST01550,31,40865.32,49103.9,677,60,No
CUST01551,54,35996.41,23792.06,590,12,Yes
CUST01552,44,25727.04,45993.97,781,24,No
CUST01553,35,52345.77,149950.5,727,48,No
CUST01554,58,63792.11,168784.12,711,12,Yes
CUST01555,28,61802.41,190498.8,641,120,No
CUST01556,25,70895.79,37486.01,764,84,No
CUST01557,46,56724.02,192819.58,634,48,Yes
CUST01558,38,38571.68,58792.37,648,60,No
CUST01559,26,71528.32,248288.63,663,84,Yes
CUST01560,57,26611.99,33474.11,703,36,No
CUST01561,33,32685.86,62580.65,698,60,Yes
CUST01562,48,31764.67,49609.52,614,24,Yes
CUST01563,25,79700.03,124912.43,610,36,No
CUST01564,33,74925.89,226789.15,698,48,No
CUST01565,37,61040.16,167204.67,704,60,No
CUST01566,60,79409.12,276062.18,620,12,Yes
CUST01567,65,33001.98,77242.59,531,36,Yes
CUST01568,52,57346.54,108371.76,634,48,No
CUST01569,49,46335.86,35688.88,697,36,No
CUST01570,23,71761.04,250423.37,785,60,No
CUST01571,60,46543.8,100282.9,560,48,No
CUST01572,54,41223.99,107241.42,618,24,No
CUST01573,60,62530.44,107566.56,621,24,No
CUST01574,47,72713.05,155834.76,752,48,No
CUST01575,33,36288.08,120757.05,647,36,Yes
CUST01576,65,47691.86,47656.49,582,24,No
CUST01577,53,30445.75,41927.38,692,36,No
CUST01578,26,15928.62,15230.61,620,36,No
CUST01579,44,53648.4,154327.55,558,24,Yes
CUST01580,39,64473.36,44237.48,583,48,Yes
CUST01581,36,55156.51,41085.81,780,60,No
CUST01582,60,20387.91,28450.97,679,48,No
CUST01583,48,41861.33,85504.47,658,60,No
CUST01584,53,18065.21,31050.92,631,24,No
CUST01585,61,90795.54,57605.13,672,36,No
CUST01586,33,30069.76,101409.5,671,48,Yes
CUST01587,63,86243.64,289658.63,672,48,Yes
CUST01588,65,75029.85,100395.11,659,48,No
CUST01589,45,32687.05,88077.77,715,60,No
CUST01590,62,29444.04,65828.81,652,48,No
CUST01591,56,57392.37,69584.24,577,12,No
CUST01592,47,33525.25,43130.73,604,48,No
CUST01593,58,51334.49,101306.54,502,60,Yes
CUST01594,27,39447.56,69337.4,802,120,No
CUST01595,25,21992.98,30211.49,715,48,No
CUST01596,63,17966.95,52509.04,588,48,Yes
CUST01597,65,54285.25,105551.63,629,48,No
CUST01598,51,38074.46,93836.19,602,84,No
CUST01599,43,38219.82,40811.91,766,120,No
CUST01600,62,67046.3,140832.29,544,60,Yes
CUST01601,30,83120.7,120851.53,659,48,Yes
CUST01602,52,43362.7,90161.5,642,12,Yes
CUST01603,63,42054.87,119540.02,712,60,Yes
CUST01604,50,61393.81,172316.44,642,60,Yes
CUST01605,59,26618.96,41596.44,518,60,Yes
CUST01606,51,54199.06,139987.03,631,24,No
CUST01607,38,62840.1,208872.31,577,48,Yes
CUST01608,56,66576.28,158252.35,656,36,Yes
CUST01609,22,20505.76,19382.67,758,60,No
CUST01610,34,34800.61,88363.13,520,24,Yes
CUST01611,33,33017.12,26899.48,590,48,No
CUST01612,49,51274.52,159788.39,609,36,Yes
CUST01613,32,60860.22,124762.32,621,12,No
CUST01614,59,96136.05,159145.75,706,48,No
CUST01615,22,39232.69,26325.91,637,24,No
CUST01616,52,39186.69,64358.31,681,48,No
CUST01617,33,82236.33,263947.37,603,84,Yes
CUST01618,47,56019.75,31536.26,667,120,No
CUST01619,61,86720.29,166845.02,708,24,No
CUST01620,37,55822.24,183849.11,595,60,Yes
CUST01621,60,29123.41,49059.05,709,36,No
CUST01622,51,26905.67,48013.9,654,84,No
CUST01623,54,24387.34,54522.29,728,60,No
CUST01624,44,66033.89,124725.6,635,12,No
CUST01625,65,83689.48,84175.3,679,36,No
CUST01626,55,112669.38,62606.61,647,36,No
CUST01627,26,71639.18,166878.81,643,60,No
CUST01628,39,82725.02,269883.74,669,36,No
CUST01629,50,37759.51,30928.53,690,48,No
CUST01630,27,29132.59,33003.09,556,48,No
CUST01631,30,71864.36,115751.1,758,120,No
CUST01632,61,59157.36,173107.85,511,84,Yes
CUST01633,52,51449.19,67284.27,599,36,No
CUST01634,54,58355.98,183597.44,643,60,Yes
CUST01635,48,56694.56,37694.72,681,60,No
CUST01636,35,87353.43,290264.08,768,84,No
CUST01637,50,87793.57,191586.75,511,12,Yes
CUST01638,57,62623.7,155077.14,612,36,Yes
CUST01639,49,71726.19,114982.0,490,36,No
CUST01640,42,61779.58,175823.63,652,36,Yes
CUST01641,24,39833.9,39821.9,670,24,No
CUST01642,40,68902.94,44561.98,769,36,No
CUST01643,52,26172.83,44141.81,659,48,No
CUST01644,56,78767.14,241113.08,728,36,Yes
CUST01645,24,28637.28,79175.79,694,48,No
CUST01646,47,55748.82,114366.92,617,12,Yes
CUST01647,37,33512.73,74278.06,544,84,Yes
CUST01648,32,62882.62,55945.31,671,84,No
CUST01649,42,48278.12,145898.63,538,48,Yes
CUST01650,37,23917.36,68424.67,747,84,No
CUST01651,30,59237.78,146282.44,638,24,No
CUST01652,21,37795.13,71756.82,740,60,Yes
CUST01653,42,72876.1,247296.14,614,24,Yes
CUST01654,46,49050.05,153874.71,670,36,Yes
CUST01655,38,58567.75,142512.41,666,36,Yes
CUST01656,34,31859.6,51466.09,647,48,No
CUST01657,49,37601.55,88516.56,618,36,No
CUST01658,32,39879.3,88784.19,679,48,No
CUST01659,56,72078.86,121288.97,581,36,Yes
CUST01660,55,104278.42,148077.64,559,84,No
CUST01661,32,34121.15,58723.6,743,48,No
CUST01662,27,79585.06,176816.85,705,24,No
CUST01663,49,18465.24,32949.46,655,36,No
CUST01664,31,28641.58,36968.36,775,60,No
CUST01665,53,31842.26,88613.51,630,36,Yes
CUST01666,26,26672.04,55861.99,749,48,No
CUST01667,35,24037.86,16899.23,663,48,No
CUST01668,52,59032.86,94744.76,573,36,Yes
CUST01669,31,44518.92,140445.63,789,36,No
CUST01670,43,58147.17,160818.19,724,36,No
CUST01671,46,66883.84,98301.88,641,24,No
CUST01672,54,55244.7,183111.29,705,36,Yes
CUST01673,54,65906.57,48099.19,620,12,No
CUST01674,49,47510.71,160762.18,712,36,Yes
CUST01675,24,28734.48,35547.86,471,36,Yes
CUST01676,37,78906.3,41605.91,574,120,No
CUST01677,55,37605.27,67743.04,723,48,Yes
CUST01678,33,32176.18,50738.98,631,60,Yes
CUST01679,61,45249.05,95804.32,666,12,No
CUST01680,59,32507.79,93957.87,549,24,Yes
CUST01681,35,40625.71,122985.9,789,60,No
CUST01682,49,57229.47,97501.28,739,48,No
CUST01683,49,57340.0,102612.06,635,24,No
CUST01684,31,32727.68,30912.38,620,36,No
CUST01685,52,39361.07,25295.11,727,48,No
CUST01686,22,79495.04,192667.75,799,60,No
CUST01687,34,61290.5,42493.49,722,12,No
CUST01688,40,124714.11,336913.97,813,48,No
CUST01689,42,83371.16,176519.29,581,60,Yes
CUST01690,31,82037.51,89892.51,589,120,No
CUST01691,47,26250.99,55614.53,561,60,No
CUST01692,23,69129.52,72516.39,683,36,No
CUST01693,37,47863.19,86929.68,663,60,No
CUST01694,64,38256.1,110892.23,639,60,No
CUST01695,48,52870.82,99701.57,711,60,No
CUST01696,49,75007.64,70964.57,742,60,No
CUST01697,41,61412.84,164063.55,536,84,Yes
CUST01698,36,33013.99,35004.91,605,12,No
CUST01699,57,68466.96,185932.27,712,24,Yes
CUST01700,40,36793.84,71308.55,615,60,No
CUST01701,26,54041.49,100583.39,590,36,No
CUST01702,39,42765.73,130619.59,726,12,No
CUST01703,25,44422.89,116646.09,553,36,Yes
CUST01704,23,69203.68,41434.48,627,60,No
CUST01705,21,30696.77,42623.17,675,24,No
CUST01706,58,117634.52,366168.26,607,48,Yes
CUST01707,35,21601.35,11988.28,709,12,No
CUST01708,54,37460.77,80007.23,607,24,Yes
CUST01709,55,57907.1,155392.37,756,36,No
CUST01710,45,63763.83,150837.69,641,12,Yes
CUST01711,44,46853.73,130328.18,700,60,No
CUST01712,32,47771.01,127886.6,706,84,Yes
CUST01713,38,58967.84,151906.59,603,60,Yes
CUST01714,35,44179.61,130975.74,496,24,Yes
CUST01715,64,91759.98,223625.68,677,48,No
CUST01716,36,71518.19,122099.82,655,24,No
CUST01717,47,72603.69,139088.87,692,36,No
CUST01718,28,31736.71,84107.81,633,48,No
CUST01719,45,47300.46,147999.26,618,60,Yes
CUST01720,37,42821.27,56380.9,801,12,No
CUST01721,49,31178.35,47585.35,540,36,Yes
CUST01722,28,57645.87,189782.78,705,84,No
CUST01723,35,38486.37,86037.64,607,36,Yes
CUST01724,47,65836.63,68265.04,625,84,No
CUST01725,27,30285.18,75442.97,626,120,Yes
CUST01726,23,106251.93,368937.14,590,48,Yes
CUST01727,49,32749.74,97278.54,693,36,No
CUST01728,64,54105.23,148098.1,754,60,No
CUST01729,44,70006.03,78696.58,685,24,No
CUST01730,23,37919.16,118627.03,658,36,Yes
CUST01731,40,71941.67,149449.22,576,60,Yes
CUST01732,35,28194.08,89315.18,689,36,No
CUST01733,45,94226.14,140348.28,812,24,No
CUST01734,50,49333.92,33850.62,621,48,No
CUST01735,34,37481.95,72262.5,622,60,No
CUST01736,27,42846.03,56107.43,608,24,No
CUST01737,37,70545.54,186641.48,613,36,Yes
CUST01738,64,37684.16,127045.35,444,24,Yes
CUST01739,40,34989.0,90023.98,680,36,No
CUST01740,56,44369.54,140243.32,587,60,Yes
CUST01741,29,28864.48,53661.15,529,60,Yes
CUST01742,58,111217.69,313069.15,706,48,Yes
CUST01743,42,37991.68,115081.75,569,12,Yes
CUST01744,22,71269.77,187626.71,625,24,No
CUST01745,44,53866.37,108989.54,760,24,No
CUST01746,28,31475.34,74835.72,544,36,Yes
CUST01747,31,48889.62,127187.37,535,24,Yes
CUST01748,33,69758.97,87844.21,670,36,Yes
CUST01749,37,45038.93,131907.22,736,12,No
CUST01750,28,83859.73,281011.74,532,60,Yes
CUST01751,41,77627.88,147160.57,681,60,No
CUST01752,38,74125.26,192962.99,694,48,No
CUST01753,50,39861.03,108066.35,496,12,Yes
CUST01754,38,30153.94,74985.09,710,84,No
CUST01755,51,37193.36,79643.83,716,120,Yes
CUST01756,58,53546.65,168401.21,627,24,Yes
CUST01757,52,62667.86,115733.76,744,60,No
CUST01758,31,18449.51,12606.71,735,60,No
CUST01759,65,48842.16,148170.95,658,48,No
CUST01760,45,52635.19,132742.99,616,36,Yes
CUST01761,53,43265.25,131862.79,577,36,Yes
CUST01762,58,87647.05,80253.35,647,48,No
CUST01763,61,59266.59,35101.16,693,36,No
CUST01764,28,88396.39,291984.2,626,84,Yes
CUST01765,31,44481.02,41953.83,485,60,Yes
CUST01766,42,74747.04,218930.87,745,24,No
CUST01767,44,102311.76,303828.05,664,48,Yes
CUST01768,61,88456.13,232296.02,622,48,Yes
CUST01769,37,29987.51,26802.44,714,24,No
CUST01770,32,43732.45,109427.16,764,36,No
CUST01771,52,41968.55,132925.3,440,84,Yes
CUST01772,35,61093.73,108538.81,683,48,No
CUST01773,36,66759.98,116199.12,543,24,Yes
CUST01774,42,33607.29,61453.45,687,24,No
CUST01775,48,50540.35,37744.33,660,48,No
CUST01776,40,19752.45,62735.3,698,48,Yes
CUST01777,53,93795.79,291474.98,613,36,Yes
CUST01778,30,38926.54,135998.74,510,48,Yes
CUST01779,60,50268.74,113383.63,616,12,No
CUST01780,52,42644.67,117425.29,681,24,Yes
CUST01781,53,82101.57,90969.83,726,48,No
CUST01782,22,15000.0,37538.8,562,12,Yes
CUST01783,53,48655.75,119167.59,727,84,No
CUST01784,53,46741.21,149741.37,601,24,Yes
CUST01785,61,39969.17,119602.87,677,48,Yes
CUST01786,33,106596.07,353408.55,612,36,No
CUST01787,50,32882.69,102150.09,664,36,No
CUST01788,53,69376.83,215490.1,717,60,No
CUST01789,33,57544.5,39773.03,558,36,No
CUST01790,46,86481.32,262720.38,599,60,Yes
CUST01791,42,36306.97,84320.58,664,48,Yes
CUST01792,59,35248.0,57853.72,830,48,No
CUST01793,22,80276.44,53748.6,585,60,Yes
CUST01794,58,59361.11,150362.96,803,48,No
CUST01795,59,24459.6,36312.85,800,48,No
CUST01796,46,38457.64,73197.53,643,60,No
CUST01797,35,58330.02,148460.71,628,84,Yes
CUST01798,54,71467.2,231219.52,598,36,Yes
CUST01799,62,36110.76,107476.84,645,48,Yes
CUST01800,64,15000.0,27776.87,544,12,No
CUST01801,60,62034.78,103185.52,644,36,Yes
CUST01802,31,28306.75,34515.53,762,36,No
CUST01803,23,19775.47,31982.48,604,60,No
CUST01804,26,15000.0,12497.09,632,48,No
CUST01805,29,70706.4,241343.32,522,60,Yes
CUST01806,26,51941.73,115401.66,678,12,Yes
CUST01807,29,44287.36,39124.23,670,36,No
CUST01808,59,91588.5,142733.17,655,84,Yes
CUST01809,51,65303.19,139821.8,634,24,Yes
CUST01810,52,101451.39,212911.66,628,12,No
CUST01811,61,26193.56,15886.66,688,36,No
CUST01812,32,48264.53,161807.95,648,60,Yes
CUST01813,28,23682.2,31405.61,674,36,No
CUST01814,28,44213.17,24253.31,666,36,No
CUST01815,48,43832.15,31968.19,734,48,No
CUST01816,40,64989.18,145613.76,701,36,No
CUST01817,27,50036.29,45700.97,664,60,No
CUST01818,31,64895.48,40570.99,764,24,No
CUST01819,40,67275.27,110256.05,682,36,Yes
CUST01820,36,129277.68,306166.21,748,48,No
CUST01821,24,42536.44,35540.02,696,60,No
CUST01822,26,32097.7,46220.16,512,60,Yes
CUST01823,42,54761.22,96011.86,748,60,No
CUST01824,46,34165.58,33426.93,660,36,Yes
CUST01825,23,95500.08,192740.33,646,24,No
CUST01826,61,43154.93,32609.69,671,24,No
CUST01827,62,38005.67,24306.73,624,84,No
CUST01828,34,39652.45,81664.46,667,84,No
CUST01829,31,67730.23,84235.47,606,120,No
CUST01830,38,45661.64,35895.59,746,12,No
CUST01831,32,36726.36,65069.48,641,48,Yes
CUST01832,43,103715.66,336601.11,621,48,No
CUST01833,32,33347.02,89122.49,581,60,Yes
CUST01834,33,49811.68,146787.44,670,48,No
CUST01835,45,65744.93,204844.24,664,60,Yes
CUST01836,65,23526.89,80412.16,679,36,No
CUST01837,39,60846.97,169747.21,573,24,Yes
CUST01838,56,30491.45,70899.44,530,24,Yes
CUST01839,65,70987.01,113314.98,697,12,No
CUST01840,28,31786.82,33214.99,761,36,No
CUST01841,49,66952.99,171398.29,573,12,Yes
CUST01842,52,80629.9,280983.1,769,36,No
CUST01843,64,72232.58,137391.86,671,48,Yes
CUST01844,38,54890.33,146614.16,649,84,Yes
CUST01845,26,44175.01,87699.65,620,60,Yes
CUST01846,38,37820.68,67918.39,546,36,Yes
CUST01847,39,95031.68,164491.94,724,24,No
CUST01848,42,35782.96,72062.37,592,24,No
CUST01849,57,30740.01,49205.13,592,120,Yes
CUST01850,52,66132.53,181621.09,724,48,Yes
CUST01851,61,34260.16,106988.18,509,24,Yes
CUST01852,23,31967.38,100654.28,536,60,Yes
CUST01853,48,25600.78,30288.18,649,36,Yes
CUST01854,30,39446.1,125743.41,672,84,Yes
CUST01855,55,47229.7,72008.94,686,36,Yes
CUST01856,49,54687.55,78089.61,627,36,No
CUST01857,35,75213.63,201592.7,840,48,No
CUST01858,53,62137.45,87867.89,633,84,Yes
CUST01859,27,44986.04,29641.27,633,84,No
CUST01860,32,44838.03,72675.87,590,48,Yes
CUST01861,50,61671.11,164316.31,659,24,No
CUST01862,41,86912.45,128706.5,696,36,No
CUST01863,51,51887.93,123943.51,740,120,Yes
CUST01864,44,39691.45,98449.02,538,48,No
CUST01865,40,31357.55,84703.27,632,60,Yes
CUST01866,57,25582.34,81643.26,684,36,Yes
CUST01867,24,66159.34,118934.22,694,48,No
CUST01868,48,63582.3,63537.55,650,36,No
CUST01869,64,63564.7,92599.6,691,60,No
CUST01870,40,46263.25,83112.01,589,84,Yes
CUST01871,44,92329.65,243904.87,767,48,Yes
CUST01872,52,39424.66,21264.34,724,36,No
CUST01873,61,75347.89,109055.23,549,36,Yes
CUST01874,56,48173.56,136790.16,569,24,Yes
CUST01875,54,37281.11,93671.51,571,84,Yes
CUST01876,56,64000.02,172494.13,701,36,No
CUST01877,22,58943.6,173024.95,554,60,Yes
CUST01878,35,57563.14,164038.09,625,60,Yes
CUST01879,54,50846.94,129484.25,684,60,No
CUST01880,56,48191.99,87660.49,645,84,Yes
CUST01881,26,143597.19,495524.46,669,48,Yes
CUST01882,59,83526.19,184360.64,570,84,No
CUST01883,62,67864.75,75215.02,695,24,No
CUST01884,32,51550.11,71058.66,604,48,Yes
CUST01885,23,77127.93,199043.07,626,60,Yes
CUST01886,65,61888.99,202638.09,668,36,Yes
CUST01887,38,49602.28,51395.92,658,60,No
CUST01888,60,42761.61,31944.61,652,60,No
CUST01889,41,47267.92,148638.38,594,60,Yes
CUST01890,35,15000.0,48687.51,628,36,Yes
CUST01891,53,53893.78,71632.27,650,48,No
CUST01892,55,39347.42,64209.37,547,36,Yes
CUST01893,46,100378.32,248994.85,615,60,Yes
CUST01894,28,49449.38,73669.19,679,36,Yes
CUST01895,56,28709.01,89901.58,554,48,Yes
CUST01896,50,47932.73,39435.99,737,36,No
CUST01897,43,30615.0,18795.98,745,24,No
CUST01898,62,60659.61,68269.88,557,24,Yes
CUST01899,64,55878.02,75897.07,752,12,No
CUST01900,34,75435.09,63273.43,639,48,No
CUST01901,34,34341.27,23938.31,681,60,No
CUST01902,22,49776.77,137723.52,613,12,Yes
CUST01903,57,26522.27,26332.1,719,12,No
CUST01904,25,67216.41,217899.91,680,36,No
CUST01905,58,61913.41,99309.05,589,60,Yes
CUST01906,65,61274.08,153909.3,563,24,Yes
CUST01907,61,49056.53,57700.6,540,36,No
CUST01908,34,59080.0,72134.81,664,24,Yes
CUST01909,59,100906.8,224429.6,693,36,No
CUST01910,45,43118.51,94081.52,699,24,No
CUST01911,40,52176.65,146417.47,641,36,Yes
CUST01912,22,30068.79,83393.98,563,60,Yes
CUST01913,59,33166.07,83315.27,599,48,Yes
CUST01914,26,51226.69,94635.76,736,12,No
CUST01915,37,80561.01,255533.17,614,48,Yes
CUST01916,45,43681.22,103425.57,661,36,No
CUST01917,48,44083.36,152995.51,569,84,Yes
CUST01918,22,40818.95,120746.92,675,36,No
CUST01919,55,38536.44,24390.85,616,60,No
CUST01920,57,55979.29,81829.5,729,60,No
CUST01921,25,24990.08,55368.7,708,24,No
CUST01922,21,87240.4,232444.07,613,84,Yes
CUST01923,60,36335.84,78158.74,641,36,Yes
CUST01924,32,67836.56,193903.43,609,48,No
CUST01925,56,27680.97,37313.03,544,24,Yes
CUST01926,65,66235.91,69662.7,586,36,Yes
CUST01927,43,66328.51,43892.89,665,48,No
CUST01928,51,58272.81,129362.21,674,36,No
CUST01929,31,31335.51,80400.61,661,36,Yes
CUST01930,30,54846.67,81088.01,627,36,No
CUST01931,23,28785.43,67379.57,720,48,No
CUST01932,34,43750.42,28720.91,655,36,No
CUST01933,36,77904.26,62158.25,703,12,No
CUST01934,30,70158.75,182782.09,517,48,Yes
CUST01935,49,49356.87,79178.74,356,36,Yes
CUST01936,30,31613.42,79476.2,671,36,Yes
CUST01937,32,65546.46,196322.36,543,12,Yes
CUST01938,50,49450.21,151212.18,634,24,Yes
CUST01939,61,17255.01,17539.77,627,24,No
CUST01940,21,69715.88,136563.42,769,84,No
CUST01941,25,48489.14,131007.0,680,36,No
CUST01942,40,84212.87,237643.82,662,12,No
CUST01943,28,29945.32,85464.78,713,24,Yes
CUST01944,63,15000.0,17767.53,678,12,No
CUST01945,32,55580.5,59893.79,616,48,Yes
CUST01946,21,55893.52,126880.38,730,24,No
CUST01947,40,22907.0,62381.66,567,36,Yes
CUST01948,48,31560.93,45997.48,674,36,No
CUST01949,63,169371.19,137887.71,534,60,No
CUST01950,57,42722.25,113224.18,665,36,Yes
CUST01951,57,68113.56,95297.24,664,36,No
CUST01952,32,36578.03,36544.68,776,60,No
CUST01953,57,19136.71,18049.18,533,36,No
CUST01954,64,45405.29,65598.32,605,60,No
CUST01955,48,43498.34,99090.71,712,48,No
CUST01956,35,40947.86,64501.34,675,36,Yes
CUST01957,26,46556.02,26163.81,664,48,No
CUST01958,64,55211.18,43656.88,578,120,No
CUST01959,40,45818.69,62840.78,606,48,No
CUST01960,34,27755.72,68809.58,743,84,No
CUST01961,22,61009.4,48535.74,646,24,No
CUST01962,29,20389.65,44489.62,678,36,No
CUST01963,57,19483.81,16749.41,641,84,No
CUST01964,40,68366.02,77584.9,561,36,Yes
CUST01965,46,61584.11,62604.29,720,120,No
CUST01966,49,47770.91,33520.17,688,12,No
CUST01967,21,26161.61,65770.01,823,84,No
CUST01968,55,35647.71,67381.68,574,36,Yes
CUST01969,26,43554.31,130365.03,712,12,Yes
CUST01970,57,23905.11,19044.54,552,84,Yes
CUST01971,25,35152.01,32838.97,662,36,No
CUST01972,53,65745.64,93317.6,723,12,No
CUST01973,34,93179.91,260679.93,495,24,Yes
CUST01974,32,40589.08,57525.95,635,48,Yes
CUST01975,62,68900.57,118871.13,608,120,Yes
CUST01976,40,20716.23,29102.38,597,24,Yes
CUST01977,44,65956.65,48852.3,679,36,No
CUST01978,63,34139.94,113286.59,734,24,Yes
CUST01979,54,56291.88,120780.81,640,60,No
CUST01980,45,43849.19,125562.14,665,24,Yes
CUST01981,49,88803.94,219796.08,659,24,No
CUST01982,59,33074.04,67562.42,650,24,Yes
CUST01983,51,65018.22,50001.27,568,48,No
CUST01984,63,43227.05,104963.95,733,84,No
CUST01985,43,45650.17,44103.13,672,48,No
CUST01986,64,45128.34,78665.44,680,12,No
CUST01987,58,33504.9,79987.57,590,48,No
CUST01988,40,48710.77,138664.32,616,60,Yes
CUST01989,43,47658.12,121772.96,637,24,No
CUST01990,65,54642.0,137402.81,535,12,Yes
CUST01991,36,50920.83,48228.47,523,24,No
CUST01992,62,70199.58,107994.02,605,60,No
CUST01993,28,74278.65,46701.72,689,48,No
CUST01994,41,30553.04,81223.14,601,48,Yes
CUST01995,21,72471.43,243341.52,574,24,Yes
CUST01996,28,28742.97,37145.44,589,36,Yes
CUST01997,49,63865.54,48735.16,616,120,No
CUST01998,52,64788.44,124828.55,623,24,No
CUST01999,58,20741.82,63679.35,812,84,Yes
CUST02000,25,51115.38,110200.8,729,48,No
CUST02001,42,39702.79,25422.95,727,24,No
CUST02002,54,34841.19,119255.01,738,36,Yes
CUST02003,21,90028.68,268821.11,575,84,Yes
CUST02004,46,36528.37,32684.94,558,36,Yes
CUST02005,63,34102.65,111358.56,567,84,Yes
CUST02006,30,50719.35,93935.53,750,36,No
CUST02007,50,66737.04,107826.63,609,48,No
CUST02008,38,45993.63,86613.36,556,60,No
CUST02009,37,82856.61,248877.71,618,84,Yes
CUST02010,46,62251.57,154286.72,632,36,Yes
CUST02011,28,18394.46,12466.76,670,48,No
CUST02012,60,38628.28,130285.97,669,12,Yes
CUST02013,32,38069.59,35913.04,588,36,Yes
CUST02014,47,60822.34,166452.73,701,36,No
CUST02015,28,15045.47,36235.65,602,12,No
CUST02016,45,154361.78,164022.38,638,36,No
CUST02017,24,62252.98,63012.23,702,36,No
CUST02018,53,52417.44,163069.75,602,120,Yes
CUST02019,21,83425.18,146751.96,607,48,No
CUST02020,39,140736.46,346736.57,694,36,No
CUST02021,51,72535.83,145957.54,586,120,Yes
CUST02022,36,75129.3,201501.33,621,24,Yes
CUST02023,34,51990.2,100742.82,692,36,No
CUST02024,25,45996.17,62653.21,804,48,No
CUST02025,61,39572.59,62926.36,695,12,Yes
CUST02026,46,33801.13,104013.96,685,60,No
CUST02027,48,35984.5,68518.23,690,12,No
CUST02028,22,26695.49,30442.15,570,24,Yes
CUST02029,26,47375.37,156519.51,659,24,No
CUST02030,29,22968.97,66375.76,648,84,Yes
CUST02031,53,53418.5,35630.06,674,48,No
CUST02032,61,48225.89,168637.69,659,48,Yes
CUST02033,45,52371.66,135369.22,678,48,Yes
CUST02034,33,38756.0,38011.88,627,36,No
CUST02035,29,195748.74,237150.19,654,48,No
CUST02036,33,90404.76,233003.48,558,36,No
CUST02037,51,27999.89,79499.62,626,24,Yes
CUST02038,61,54436.53,66255.13,754,48,No
CUST02039,31,37286.9,47388.17,674,24,No
CUST02040,24,31054.04,44139.04,648,24,No
CUST02041,54,26821.73,61530.53,792,60,No
CUST02042,58,59545.59,60465.48,548,48,Yes
CUST02043,24,36075.85,29319.91,567,48,No
CUST02044,58,75774.85,192209.9,778,36,No
CUST02045,39,76665.11,217521.44,653,36,No
CUST02046,26,90967.85,182189.34,632,48,No
CUST02047,54,33403.83,53162.13,560,60,Yes
CUST02048,38,60713.09,109048.49,684,48,No
CUST02049,33,65160.22,108506.33,691,120,Yes
CUST02050,61,39601.4,133850.94,568,120,Yes
CUST02051,43,34637.86,97133.9,639,36,Yes
CUST02052,39,101142.36,113710.48,625,60,No
CUST02053,65,54305.08,89742.81,669,48,No
CUST02054,31,65263.32,139143.8,566,48,Yes
CUST02055,21,33862.58,79203.14,744,12,Yes
CUST02056,44,28319.96,53936.83,719,48,No
CUST02057,27,37939.48,111177.09,623,84,Yes
CUST02058,45,46359.91,129938.39,634,60,No
CUST02059,41,30366.67,61203.23,640,60,No
CUST02060,35,48804.11,149501.05,592,24,Yes
CUST02061,21,22929.34,63130.63,617,36,Yes
CUST02062,32,29613.29,83975.76,630,24,No
CUST02063,27,66297.67,223370.26,771,36,Yes
CUST02064,35,64325.13,83584.13,721,48,No
CUST02065,41,41095.56,53545.23,720,36,No
CUST02066,39,31008.17,98198.43,678,48,No
CUST02067,49,30873.96,86962.04,566,36,Yes
CUST02068,45,41441.14,135911.88,647,36,Yes
CUST02069,53,65514.93,45165.37,723,12,No
CUST02070,52,74437.16,177403.94,556,84,Yes
CUST02071,55,39205.05,36613.01,698,12,No
CUST02072,64,29170.94,58682.93,824,12,No
CUST02073,58,55300.08,53488.49,730,60,No
CUST02074,46,33840.35,29922.84,756,120,No
CUST02075,31,38823.71,20829.12,666,60,No
CUST02076,55,88998.45,212770.06,723,12,No
CUST02077,28,71125.55,112169.82,596,24,No
CUST02078,34,52632.47,42925.19,710,120,No
CUST02079,30,27657.06,40614.76,699,60,Yes
CUST02080,22,53913.08,54281.43,672,48,No
CUST02081,29,79078.46,262942.56,749,24,No
CUST02082,23,41397.05,60440.3,610,12,No
CUST02083,41,90039.28,135226.44,636,12,Yes
CUST02084,46,87705.1,264832.04,657,48,Yes
CUST02085,28,103640.12,253220.51,573,12,Yes
CUST02086,22,56238.64,147936.58,667,120,Yes
CUST02087,26,63852.2,153756.44,521,24,Yes
CUST02088,48,92631.48,309258.43,729,60,Yes
CUST02089,49,59953.66,67208.2,653,24,No
CUST02090,46,39122.17,135641.17,611,48,Yes
CUST02091,45,40060.89,119896.98,587,12,No
CUST02092,32,54576.01,123719.33,632,60,No
CUST02093,25,27426.02,68211.66,702,48,No
CUST02094,54,45960.31,112440.87,691,12,No
CUST02095,57,80293.68,54213.38,597,60,No
CUST02096,35,18286.82,21103.9,587,48,No
CUST02097,64,97784.07,330941.64,699,84,Yes
CUST02098,56,81232.31,170839.13,596,84,No
CUST02099,35,39859.1,65172.05,654,84,No
CUST02100,63,62600.33,174411.74,659,12,Yes
CUST02101,43,49090.29,101791.51,673,24,No
CUST02102,26,85262.98,45998.38,714,120,No
CUST02103,64,76283.15,206629.14,555,36,Yes
CUST02104,63,26107.25,70402.19,507,24,Yes
CUST02105,65,63848.48,63557.72,607,60,No
CUST02106,41,44688.32,150598.76,785,36,Yes
CUST02107,43,50882.52,59620.29,802,60,No
CUST02108,63,35324.17,66170.93,787,60,No
CUST02109,36,107652.28,90880.9,636,60,Yes
CUST02110,35,78278.47,180811.29,516,36,Yes
CUST02111,45,35140.27,57150.5,474,36,Yes
CUST02112,56,26887.73,41931.96,604,36,No
CUST02113,31,41210.46,122845.52,635,36,Yes
CUST02114,35,59606.87,31513.27,748,24,No
CUST02115,24,54616.57,158051.63,715,36,No
CUST02116,41,86155.56,190778.19,667,48,No
CUST02117,33,69944.96,241890.34,583,48,Yes
CUST02118,42,75834.31,172017.21,578,60,Yes
CUST02119,39,56788.26,37828.78,669,48,No
CUST02120,54,26234.11,17102.96,702,24,No
CUST02121,34,44888.44,141374.3,679,48,No
CUST02122,24,78987.14,238828.87,572,60,Yes
CUST02123,47,47897.31,73650.27,699,36,No
CUST02124,49,61475.3,144718.85,682,48,No
CUST02125,48,42470.43,83614.68,570,24,No
CUST02126,55,30840.52,104903.79,591,36,Yes
CUST02127,28,46374.04,155347.59,702,84,No
CUST02128,36,56335.0,194441.21,632,84,Yes
CUST02129,62,36495.36,113111.76,769,48,No
CUST02130,56,44087.43,142343.09,688,60,Yes
CUST02131,50,32120.24,36997.26,614,84,No
CUST02132,38,81118.0,242787.83,649,120,Yes
CUST02133,22,42937.24,112777.72,655,36,Yes
CUST02134,33,94253.19,319363.69,595,48,Yes
CUST02135,24,97532.07,215915.08,582,36,No
CUST02136,46,47265.19,35708.92,703,12,No
CUST02137,45,31138.43,71375.41,713,36,No
CUST02138,50,19174.68,49082.25,695,60,No
CUST02139,31,25275.31,29343.7,764,60,No
CUST02140,27,26417.3,44442.88,609,84,No
CUST02141,51,91154.52,209246.13,776,12,No
CUST02142,64,51643.57,83782.25,582,48,No
CUST02143,30,58414.65,94914.64,574,24,Yes
CUST02144,59,18048.37,16230.18,518,24,No
CUST02145,33,28592.94,94992.61,617,84,Yes
CUST02146,51,73070.93,201053.43,612,36,Yes
CUST02147,27,55773.18,28094.64,689,60,No
CUST02148,62,45878.76,128315.54,668,12,No
CUST02149,62,63207.55,171885.66,561,36,Yes
CUST02150,56,102345.44,54160.48,621,48,No
CUST02151,40,44379.41,71398.17,622,24,Yes
CUST02152,24,50575.19,117346.73,517,36,Yes
CUST02153,27,53458.91,99340.12,576,12,Yes
CUST02154,21,143838.92,407633.51,592,48,Yes
CUST02155,64,19058.9,33855.75,758,120,No
CUST02156,65,66666.0,64105.29,664,60,No
CUST02157,62,46552.64,159640.5,700,120,No
CUST02158,33,63262.45,77567.35,538,60,No
CUST02159,42,36467.7,96751.61,740,84,No
CUST02160,41,47952.48,44570.34,748,48,No
CUST02161,42,67517.0,100400.33,500,48,No
CUST02162,48,198950.15,363299.45,597,36,No
CUST02163,29,70517.51,75925.92,687,60,No
CUST02164,46,33468.85,61913.31,698,24,No
CUST02165,29,40510.16,39355.15,599,12,No
CUST02166,35,39973.17,87022.38,627,84,Yes
CUST02167,30,21850.1,54431.65,605,12,Yes
CUST02168,44,42254.22,29041.45,658,120,No
CUST02169,62,68170.9,212243.03,740,60,No
CUST02170,28,27628.29,29159.52,592,36,No
CUST02171,44,78575.65,92411.82,725,48,No
CUST02172,36,61053.06,151658.82,591,60,Yes
CUST02173,46,35227.95,67153.39,586,24,No
CUST02174,47,45996.09,91908.78,711,60,No
CUST02175,57,100633.94,89007.19,719,60,No
CUST02176,24,68192.95,198932.98,714,24,No
CUST02177,44,49214.95,115712.36,551,12,Yes
CUST02178,39,44048.32,39914.21,615,24,Yes
CUST02179,56,50740.22,82300.54,712,24,No
CUST02180,59,38937.24,114134.0,653,12,Yes
CUST02181,30,19012.71,41924.26,569,60,Yes
CUST02182,45,122882.03,101493.96,684,36,No
CUST02183,38,52569.76,85075.28,596,84,No
CUST02184,39,58639.64,72014.36,785,36,No
CUST02185,56,47759.89,98022.24,766,36,No
CUST02186,30,35213.94,106701.17,695,48,No
CUST02187,53,45086.31,81552.18,752,84,No
CUST02188,25,23867.49,42962.1,655,48,No
CUST02189,55,136583.16,439258.64,707,36,No
CUST02190,64,28126.56,62681.62,761,84,No
CUST02191,54,30810.63,67739.43,668,36,No
CUST02192,53,40210.5,51699.83,631,12,No
CUST02193,41,87521.0,203326.01,522,36,Yes
CUST02194,37,49341.91,109920.52,644,60,Yes
CUST02195,42,28106.02,47514.76,712,12,Yes
CUST02196,57,86202.31,299301.89,721,48,No
CUST02197,35,68114.83,214266.97,688,48,Yes
CUST02198,55,62460.88,171689.9,609,84,Yes
CUST02199,48,67648.5,142876.12,502,36,Yes
CUST02200,27,143984.78,271581.13,613,36,Yes
CUST02201,52,131044.56,138211.67,627,36,No
CUST02202,31,35989.34,51004.54,627,36,No
CUST02203,30,101798.26,287262.72,696,60,No
CUST02204,29,58245.71,108409.64,799,48,No
CUST02205,34,61364.89,193103.56,659,60,No
CUST02206,33,22890.52,21602.55,634,60,No
CUST02207,45,45402.68,91942.3,631,84,No
CUST02208,22,34003.86,82999.92,659,36,Yes
CUST02209,55,71155.75,145908.09,588,120,Yes
CUST02210,27,79378.77,251446.6,659,24,No
CUST02211,41,19273.4,66853.45,684,60,Yes
CUST02212,38,48537.13,41135.41,666,48,No
CUST02213,23,81213.57,72269.09,684,60,No
CUST02214,62,45071.01,40157.02,683,36,No
CUST02215,59,68055.49,173101.27,517,60,Yes
CUST02216,61,57412.91,92895.71,698,84,No
CUST02217,31,57167.86,154350.02,600,60,Yes
CUST02218,59,43386.7,74469.56,568,60,No
CUST02219,44,28354.43,67563.51,567,12,Yes
CUST02220,39,29593.54,83145.24,683,24,Yes
CUST02221,24,67454.5,144666.14,633,120,Yes
CUST02222,46,49451.92,104764.43,524,48,Yes
CUST02223,58,46058.59,35221.14,686,48,No
CUST02224,62,40507.79,70173.48,542,36,No
CUST02225,52,42730.36,91328.94,660,12,No
CUST02226,59,78520.13,148084.45,668,36,No
CUST02227,65,42156.33,134999.15,716,36,No
CUST02228,56,26809.75,86316.45,784,24,No
CUST02229,60,68503.72,203165.05,548,24,Yes
CUST02230,57,44703.43,72683.05,646,48,No
CUST02231,53,49718.29,131847.81,629,48,Yes
CUST02232,56,101053.99,170363.42,683,24,No
CUST02233,23,48569.34,58175.42,666,48,No
CUST02234,29,55833.69,85353.4,624,84,No
CUST02235,28,28839.01,20559.15,617,36,No
CUST02236,53,44406.84,66402.99,566,84,No
CUST02237,26,64491.37,121387.38,724,84,No
CUST02238,61,24345.0,81956.05,684,12,Yes
CUST02239,59,53657.7,77279.52,719,12,No
CUST02240,24,51295.38,164522.78,627,36,Yes
CUST02241,33,49940.09,59257.65,601,48,Yes
CUST02242,22,78176.28,83875.85,569,36,Yes
CUST02243,25,56982.38,117211.98,677,36,No
CUST02244,64,95333.1,240004.33,572,48,Yes
CUST02245,47,31347.34,19842.76,789,12,No
CUST02246,52,52112.81,60617.5,552,120,Yes
CUST02247,41,50919.95,95070.14,671,24,No
CUST02248,28,30297.95,45235.23,768,84,No
CUST02249,58,75382.67,198849.17,695,24,Yes
CUST02250,28,139539.5,283751.03,663,24,No
CUST02251,23,48647.09,47726.56,577,24,No
CUST02252,64,61528.73,195870.32,546,120,Yes
CUST02253,23,50921.13,70205.83,708,12,No
CUST02254,42,35556.81,95768.47,763,48,No
CUST02255,26,21604.52,61351.38,617,84,Yes
CUST02256,22,35682.01,120943.21,565,48,Yes
CUST02257,43,26202.73,52288.13,466,36,No
CUST02258,64,105540.07,247756.01,576,120,Yes
CUST02259,22,46546.2,70034.76,641,84,Yes
CUST02260,58,41954.3,106334.76,770,36,No
CUST02261,37,73139.16,138244.02,700,48,No
CUST02262,55,29590.6,53646.49,673,120,No
CUST02263,54,34714.45,106448.48,620,120,No
CUST02264,43,50545.67,32880.29,606,36,No
CUST02265,50,77881.68,245006.99,755,60,No
CUST02266,28,61436.43,187762.6,665,36,Yes
CUST02267,42,54816.49,110679.91,492,36,Yes
CUST02268,64,50774.67,100057.0,599,24,Yes
CUST02269,56,58694.78,93056.0,586,24,No
CUST02270,25,53677.21,186932.03,609,48,Yes
CUST02271,33,30838.29,25703.96,692,48,No
CUST02272,49,50047.89,113641.03,642,24,No
CUST02273,51,30237.56,76955.94,644,36,No
CUST02274,36,50842.46,167932.14,749,36,Yes
CUST02275,62,39486.28,112165.14,598,120,Yes
CUST02276,50,153694.44,373714.43,790,84,No
CUST02277,36,48148.61,40947.36,600,36,Yes
CUST02278,32,26058.32,42245.76,657,84,No
CUST02279,37,46148.46,42296.21,629,36,No
CUST02280,36,61926.99,194676.05,659,48,No
CUST02281,32,104090.27,286129.94,683,120,No
CUST02282,28,37599.51,104248.79,683,36,No
CUST02283,40,24050.41,59086.32,594,48,Yes
CUST02284,23,70797.34,143090.67,566,36,Yes
CUST02285,36,26337.01,25017.87,838,36,No
CUST02286,50,40284.82,59987.51,614,48,No
CUST02287,65,43654.9,39758.59,702,120,No
CUST02288,43,47508.55,127072.99,529,36,Yes
CUST02289,48,66844.48,65553.47,629,84,No
CUST02290,60,36039.27,93930.61,640,84,No
CUST02291,25,43339.59,111675.99,685,36,Yes
CUST02292,40,48707.01,91467.55,446,36,Yes
CUST02293,60,52434.45,47489.15,662,48,No
CUST02294,64,51227.01,73992.42,564,48,Yes
CUST02295,21,59647.21,87101.59,674,12,Yes
CUST02296,50,71662.85,186406.21,572,120,Yes
CUST02297,41,58494.34,49207.14,586,60,No
CUST02298,40,60120.94,179593.63,629,36,No
CUST02299,26,24052.63,66939.0,571,48,Yes
CUST02300,42,50141.41,53095.78,614,12,No
CUST02301,38,60826.35,161645.61,560,36,Yes
CUST02302,28,68051.74,170506.33,513,84,Yes
CUST02303,59,35898.19,98517.64,726,84,No
CUST02304,52,36440.36,38874.05,553,36,Yes
CUST02305,53,37860.16,36829.26,637,48,No
CUST02306,36,62404.1,75474.76,706,48,No
CUST02307,32,78061.05,124711.51,604,36,Yes
CUST02308,58,40808.39,117568.77,588,12,No
CUST02309,54,73760.82,200170.03,667,48,No
CUST02310,34,51821.79,169786.57,734,48,Yes
CUST02311,56,46354.4,31330.41,562,12,Yes
CUST02312,53,44572.71,23831.64,639,12,No
CUST02313,43,68595.01,178169.81,520,24,Yes
CUST02314,65,56755.62,75931.21,621,36,No
CUST02315,22,136505.67,205063.83,653,48,No
CUST02316,61,33406.27,71502.98,586,36,Yes
CUST02317,41,61891.97,49961.63,616,36,Yes
CUST02318,22,38632.9,93803.9,544,84,Yes
CUST02319,47,33150.76,48912.03,656,24,No
CUST02320,29,48781.66,116985.51,729,36,No
CUST02321,21,52146.31,156544.3,568,120,Yes
CUST02322,31,182257.92,184688.15,603,48,No
CUST02323,23,45122.41,148570.92,688,60,No
CUST02324,43,29478.59,61671.11,741,36,Yes
CUST02325,46,55428.81,181184.77,538,12,Yes
CUST02326,24,19272.07,21646.2,637,48,No
CUST02327,38,47033.69,108821.28,671,48,Yes
CUST02328,26,49375.59,84514.29,642,24,No
CUST02329,55,70092.44,197847.59,464,36,Yes
CUST02330,42,75972.75,176084.08,688,84,Yes
CUST02331,63,39081.08,77519.13,764,24,No
CUST02332,35,45808.44,148371.53,659,36,No
CUST02333,42,34726.06,56650.4,573,36,Yes
CUST02334,57,29506.68,34226.0,612,60,No
CUST02335,62,56356.49,130989.59,783,60,No
CUST02336,32,27636.33,65555.73,718,60,No
CUST02337,62,40676.99,73921.64,698,36,No
CUST02338,58,31325.0,61391.68,677,12,No
CUST02339,38,62777.84,212104.99,600,36,Yes
CUST02340,65,110265.19,297501.78,635,48,Yes
CUST02341,55,27290.27,22700.19,644,60,No
CUST02342,50,21293.17,24197.35,691,120,No
CUST02343,44,46341.86,158801.04,763,36,No
CUST02344,62,49368.31,132277.28,734,48,No
CUST02345,50,54089.57,175527.98,544,48,Yes
CUST02346,34,40100.97,56605.9,667,24,No
CUST02347,26,44788.75,122076.24,705,36,No
CUST02348,23,57836.75,152805.16,696,48,Yes
CUST02349,36,78291.47,108360.87,603,120,Yes
CUST02350,27,20337.63,43775.71,850,36,No
CUST02351,34,41521.94,98915.45,554,120,Yes
CUST02352,29,53971.64,104888.24,569,48,Yes
CUST02353,35,32432.32,96698.13,668,24,No
CUST02354,41,106833.45,320351.54,809,24,Yes
CUST02355,55,36829.91,112397.58,587,24,Yes
CUST02356,22,48118.32,140037.34,630,36,No
CUST02357,47,62957.17,123663.65,731,12,No
CUST02358,22,37568.52,61774.48,649,36,No
CUST02359,55,21355.02,63939.68,625,120,No
CUST02360,38,40421.03,79653.86,692,48,No
CUST02361,34,77905.22,96533.46,670,60,No
CUST02362,40,42125.02,85178.08,727,24,No
CUST02363,38,33493.43,30999.83,747,36,No
CUST02364,30,74351.01,191445.56,673,36,Yes
CUST02365,45,42241.2,63689.75,672,84,No
CUST02366,22,38965.33,49952.63,666,24,No
CUST02367,45,52431.1,176667.97,687,36,No
CUST02368,53,69344.19,196288.65,654,48,No
CUST02369,56,143167.58,409632.3,650,48,No
CUST02370,51,71129.42,168659.66,740,60,No
CUST02371,34,82613.47,249287.67,764,24,No
CUST02372,21,39038.95,108430.19,537,36,Yes
CUST02373,36,30895.3,70945.53,651,60,Yes
CUST02374,23,50415.26,170573.64,598,48,Yes
CUST02375,55,51442.83,55289.97,627,36,No
CUST02376,61,30171.99,100476.93,680,12,Yes
CUST02377,26,45302.5,77209.71,700,60,No
CUST02378,45,58670.54,122339.63,642,120,No
CUST02379,33,57651.82,50054.35,506,48,Yes
CUST02380,54,61508.43,130417.7,578,84,Yes
CUST02381,28,55878.45,130399.08,717,48,No
CUST02382,41,39020.64,136303.18,444,24,Yes
CUST02383,54,38899.81,133254.3,739,12,Yes
CUST02384,24,28580.27,97149.82,689,48,No
CUST02385,45,109441.86,169105.64,749,36,No
CUST02386,35,49318.41,171322.27,635,60,Yes
CUST02387,24,44303.37,82689.34,495,48,Yes
CUST02388,65,32274.85,98616.09,682,120,Yes
CUST02389,32,183697.57,211061.14,746,48,No
CUST02390,52,30242.47,61014.17,719,36,No
CUST02391,52,40417.51,137340.17,600,36,Yes
CUST02392,48,59108.3,197486.4,657,36,Yes
CUST02393,33,64221.66,163842.6,610,84,No
CUST02394,51,75438.23,218276.22,589,12,Yes
CUST02395,34,110572.18,113809.74,722,120,No
CUST02396,40,61560.21,164056.46,560,120,Yes
CUST02397,38,30478.78,71751.69,583,48,Yes
CUST02398,49,43668.17,33827.78,567,36,No
CUST02399,26,56304.21,47266.09,538,24,No
CUST02400,52,124330.89,102614.12,661,36,No
CUST02401,49,26133.87,69857.68,737,12,No
CUST02402,63,84217.62,77913.56,636,36,No
CUST02403,22,53154.68,101163.82,537,12,Yes
CUST02404,43,71469.33,112274.42,713,60,No
CUST02405,39,46821.72,100737.51,776,36,No
CUST02406,51,33553.8,87891.81,602,24,Yes
CUST02407,25,68726.68,175539.46,614,48,Yes
CUST02408,39,65807.82,134679.64,689,120,No
CUST02409,54,75919.26,143715.51,772,48,No
CUST02410,30,48728.19,82518.6,611,36,Yes
CUST02411,45,37424.47,115481.8,550,60,Yes
CUST02412,22,24307.64,36280.5,697,60,No
CUST02413,31,70878.18,90589.22,710,84,No
CUST02414,51,59322.88,161948.29,650,24,No
CUST02415,35,31742.06,50129.93,608,84,Yes
CUST02416,29,38470.3,116988.02,725,36,Yes
CUST02417,43,39733.84,58951.75,690,84,No
CUST02418,39,25151.1,65539.6,592,36,Yes
CUST02419,29,33929.6,21556.39,654,84,No
CUST02420,55,29430.19,48756.66,549,120,Yes
CUST02421,41,40716.33,62283.38,701,24,No
CUST02422,29,35157.25,103715.16,630,120,No
CUST02423,48,23572.78,80174.94,617,12,Yes
CUST02424,27,121803.65,229312.89,648,24,No
CUST02425,36,86132.61,256202.21,653,36,No
CUST02426,36,34525.08,89733.59,717,120,Yes
CUST02427,53,55414.12,188527.59,694,36,No
CUST02428,24,59151.62,173510.96,638,48,Yes
CUST02429,24,83783.27,61365.73,707,48,No
CUST02430,59,33915.51,89531.7,680,120,Yes
CUST02431,60,80133.4,168800.94,618,60,No
CUST02432,37,38309.09,21043.5,641,24,No
CUST02433,57,26872.59,33696.59,639,36,Yes
CUST02434,59,67904.76,221727.09,688,12,Yes
CUST02435,49,87626.72,287256.52,622,48,Yes
CUST02436,56,157087.62,455012.36,621,24,Yes
CUST02437,58,28570.32,98434.43,798,36,No
CUST02438,59,67138.56,196020.13,720,84,No
CUST02439,57,40765.42,21630.64,593,36,No
CUST02440,55,69738.75,95089.0,693,48,No
CUST02441,27,25292.92,14970.18,659,36,No
CUST02442,47,27771.17,21726.05,679,12,No
CUST02443,48,34573.97,39985.57,660,36,No
CUST02444,42,50794.02,102130.3,739,36,No
CUST02445,34,36736.03,111772.9,676,84,No
CUST02446,27,65944.88,203499.32,645,36,Yes
CUST02447,57,77816.02,182759.14,728,36,Yes
CUST02448,42,64203.3,210877.52,667,60,Yes
CUST02449,25,101565.02,203149.03,659,60,No
CUST02450,22,59108.03,187201.52,674,60,Yes
CUST02451,47,28350.4,52793.99,643,120,No
CUST02452,41,90537.5,120566.53,651,60,No
CUST02453,58,37334.75,121309.52,606,36,Yes
CUST02454,35,73842.4,122859.37,594,60,No
CUST02455,41,99526.62,200069.64,575,48,Yes
CUST02456,30,60204.94,89499.57,546,36,Yes
CUST02457,43,25002.44,62218.89,584,36,Yes
CUST02458,59,32428.88,113017.68,637,24,No
CUST02459,25,88897.12,51252.8,658,24,No
CUST02460,21,45428.49,145350.45,630,24,Yes
CUST02461,33,50807.95,26002.4,473,12,No
CUST02462,41,68973.04,109852.23,768,84,No
CUST02463,46,67060.15,67450.47,731,84,No
CUST02464,65,55573.4,154050.87,683,48,Yes
CUST02465,41,44627.22,29089.47,793,60,No
CUST02466,38,42586.78,92006.82,577,24,Yes
CUST02467,57,72117.68,99867.01,792,84,No
CUST02468,65,62887.73,56662.52,578,48,No
CUST02469,52,43661.19,122926.1,668,12,Yes
CUST02470,56,79773.81,91919.41,554,24,No
CUST02471,37,46255.45,54166.32,651,36,No
CUST02472,55,33414.73,44282.21,679,12,No
CUST02473,31,34837.97,78744.27,638,36,No
CUST02474,41,31557.5,78230.97,704,12,No
CUST02475,46,43365.33,23972.68,657,24,No
CUST02476,24,85406.37,104674.81,611,36,Yes
CUST02477,54,34122.33,61178.35,607,120,No
CUST02478,38,53359.86,79822.66,711,24,No
CUST02479,60,36478.92,115000.23,601,24,Yes
CUST02480,55,43602.11,124838.34,719,48,Yes
CUST02481,61,24846.73,59077.34,742,84,No
CUST02482,49,44389.48,67211.32,525,36,Yes
CUST02483,49,44928.72,116905.29,735,84,No
CUST02484,58,62512.99,189471.5,805,36,Yes
CUST02485,62,54202.18,123824.4,669,24,No
CUST02486,41,28587.46,81571.01,695,36,Yes
CUST02487,62,79848.73,219369.6,728,48,No
CUST02488,33,53886.56,119370.15,629,36,Yes
CUST02489,61,53598.54,76996.96,664,48,No
CUST02490,37,48818.66,133633.59,551,24,Yes
CUST02491,29,38832.36,43507.35,660,60,No
CUST02492,61,54068.72,153472.17,687,36,Yes
CUST02493,21,60719.17,176913.81,689,36,No
CUST02494,22,22334.7,66254.43,730,48,No
CUST02495,49,38467.06,73808.59,592,48,No
CUST02496,53,43707.45,47092.26,610,24,No
CUST02497,30,55010.36,43962.67,792,60,No
CUST02498,60,83867.21,228964.51,639,60,Yes
CUST02499,41,34638.35,109415.07,665,24,Yes
CUST02500,48,39179.82,96089.1,645,120,Yes
CUST02501,31,38923.74,36295.62,588,48,No
CUST02502,54,34177.15,112944.86,772,36,No
CUST02503,28,41930.39,145385.49,610,24,Yes
CUST02504,42,69345.81,124831.88,565,48,No
CUST02505,28,30508.91,69696.87,616,24,Yes
CUST02506,35,59427.74,168280.67,500,36,Yes
CUST02507,37,22791.52,61746.09,601,36,Yes
CUST02508,43,38078.23,129593.98,577,60,Yes
CUST02509,44,42265.64,35699.64,696,24,No
CUST02510,65,104160.35,233545.69,599,60,Yes
CUST02511,39,43318.67,111579.98,717,36,Yes
CUST02512,25,18204.8,57714.59,755,36,No
CUST02513,52,19940.34,62260.3,709,60,Yes
CUST02514,64,49777.25,170935.05,634,48,Yes
CUST02515,21,64614.68,131570.7,661,36,No
CUST02516,43,58043.91,173683.78,536,36,Yes
CUST02517,57,52860.23,94188.74,640,36,No
CUST02518,28,82703.47,146132.2,585,48,No
CUST02519,33,38452.69,48452.12,702,36,No
CUST02520,28,73328.88,216665.71,843,60,No
CUST02521,43,23519.69,81318.04,687,48,Yes
CUST02522,63,32623.02,41399.43,501,24,No
CUST02523,21,21738.31,14529.77,623,36,No
CUST02524,65,43317.83,127641.5,659,24,No
CUST02525,44,48010.86,113338.76,657,36,No
CUST02526,55,51603.55,174373.37,595,48,Yes
CUST02527,44,50405.09,63344.97,668,48,Yes
CUST02528,37,32292.85,23027.48,557,60,No
CUST02529,25,44998.82,88977.37,579,24,No
CUST02530,40,24987.95,18900.84,698,84,No
CUST02531,41,90531.49,116366.46,574,36,Yes
CUST02532,60,42760.42,37540.81,690,36,No
CUST02533,51,39340.16,46122.27,547,48,Yes
CUST02534,56,100209.99,82015.26,782,60,No
CUST02535,31,28028.83,94225.02,592,36,Yes
CUST02536,35,29539.56,39455.64,633,60,No
CUST02537,39,29932.52,54827.18,675,84,No
CUST02538,27,47546.23,151949.93,608,60,Yes
CUST02539,48,59529.91,150727.63,661,12,Yes
CUST02540,63,68381.25,160977.15,693,60,No
CUST02541,25,155966.71,408116.46,722,60,No
CUST02542,25,17814.28,53201.76,709,48,No
CUST02543,50,64468.44,201980.13,637,60,Yes
CUST02544,52,38150.39,92626.06,639,120,Yes
CUST02545,28,37650.94,119354.3,826,36,No
CUST02546,30,37090.0,78118.68,721,12,No
CUST02547,58,32566.96,43375.04,581,36,Yes
CUST02548,52,104614.37,328513.2,657,12,Yes
CUST02549,48,71613.14,152136.28,625,36,No
CUST02550,37,49535.17,159424.62,640,48,Yes
CUST02551,51,90035.3,55867.21,558,36,No
CUST02552,28,24818.93,42007.21,619,48,No
CUST02553,60,26935.02,90054.95,786,60,No
CUST02554,45,18396.48,22976.29,693,36,Yes
CUST02555,29,35784.26,118968.66,463,84,Yes
CUST02556,22,52720.75,177231.73,741,12,No
CUST02557,35,51343.13,161547.41,732,60,Yes
CUST02558,23,52428.41,114870.86,623,60,No
CUST02559,56,25978.5,63408.8,704,36,No
CUST02560,24,70362.77,218747.37,586,36,Yes
CUST02561,34,54602.36,154398.62,615,36,No
CUST02562,61,68177.81,162964.16,762,60,No
CUST02563,61,20915.73,72091.88,630,60,Yes
CUST02564,45,56396.98,144208.76,510,36,Yes
CUST02565,30,28724.5,98422.95,645,48,Yes
CUST02566,41,40994.97,27555.4,644,24,No
CUST02567,56,62346.59,57164.41,740,36,No
CUST02568,32,51072.02,94706.76,651,120,No
CUST02569,47,33416.56,55292.32,618,24,Yes
CUST02570,60,49159.38,140015.97,728,84,No
CUST02571,22,24607.56,24160.74,659,60,No
CUST02572,33,82258.36,282005.15,594,120,Yes
CUST02573,52,44695.24,64593.45,737,24,No
CUST02574,51,81092.64,144893.99,665,24,No
CUST02575,36,38679.33,51220.53,650,12,No
CUST02576,52,38730.81,86683.07,663,60,Yes
CUST02577,52,34756.29,23491.29,570,48,No
CUST02578,54,72713.2,69007.19,610,24,No
CUST02579,31,35623.33,97515.06,650,60,No
CUST02580,30,65517.2,69415.59,635,36,No
CUST02581,35,41270.22,49794.31,745,24,No
CUST02582,37,20147.12,58002.48,666,36,No
CUST02583,60,37924.73,29577.63,714,12,No
CUST02584,38,28836.62,52264.11,651,36,No
CUST02585,29,49774.41,28331.1,729,36,No
CUST02586,45,28690.36,44195.27,680,84,No
CUST02587,60,74361.14,193111.73,651,60,No
CUST02588,34,47052.34,36244.88,649,36,No
CUST02589,45,45255.6,143234.15,578,60,Yes
CUST02590,42,65851.1,212600.09,688,48,No
CUST02591,50,75641.33,61645.5,647,36,No
CUST02592,40,48579.43,168677.37,612,60,Yes
CUST02593,41,34646.77,48248.7,733,48,No
CUST02594,64,22064.24,16599.04,556,48,No
CUST02595,52,36000.12,18547.31,618,48,No
CUST02596,41,37132.75,64075.11,727,48,No
CUST02597,55,51440.23,122912.83,674,36,No
CUST02598,52,41968.89,62808.03,646,84,No
CUST02599,50,66807.45,201100.59,669,24,No
CUST02600,59,37203.48,98582.48,663,84,Yes
CUST02601,32,47778.52,74079.86,536,36,No
CUST02602,61,83516.07,225738.01,624,24,Yes
CUST02603,38,57172.1,189895.03,771,48,No
CUST02604,41,47714.14,37183.06,601,36,No
CUST02605,33,37388.74,53028.89,626,60,No
CUST02606,41,36866.03,69675.98,609,36,No
CUST02607,28,33430.5,66659.43,643,48,No
CUST02608,60,38428.2,81720.91,606,36,Yes
CUST02609,27,68875.07,96554.63,687,24,No
CUST02610,43,44362.52,110985.22,665,36,No
CUST02611,64,26704.89,65033.18,708,48,No
CUST02612,52,108627.1,242614.77,571,48,Yes
CUST02613,31,56612.46,47627.22,624,48,No
CUST02614,42,26026.63,50254.92,633,120,No
CUST02615,42,40181.74,63032.32,684,48,Yes
CUST02616,63,51528.94,101672.55,591,84,No
CUST02617,45,105563.34,344727.57,719,24,Yes
CUST02618,42,29772.77,57806.63,739,12,No
CUST02619,48,76055.48,41217.69,576,36,No
CUST02620,49,92020.71,167156.56,613,24,No
CUST02621,33,36942.04,109420.27,610,48,No
CUST02622,38,43265.85,122882.92,847,48,No
CUST02623,22,30750.48,62736.21,618,48,No
CUST02624,49,44731.91,55883.89,776,60,No
CUST02625,41,48220.26,91390.22,555,120,Yes
CUST02626,35,65962.55,144530.98,576,84,Yes
CUST02627,47,80064.08,280193.4,599,24,Yes
CUST02628,51,35008.87,85160.28,587,36,No
CUST02629,35,20225.59,52238.55,630,36,Yes
CUST02630,43,48554.39,95863.96,597,24,Yes
CUST02631,44,55943.18,87465.41,589,48,Yes
CUST02632,64,54843.45,161177.16,737,48,No
CUST02633,33,42319.24,83995.1,742,24,Yes
CUST02634,42,51851.46,180654.14,721,60,No
CUST02635,63,96949.95,181428.43,689,60,No
CUST02636,57,58208.13,40978.57,657,12,No
CUST02637,53,41439.27,105576.25,613,36,Yes
CUST02638,23,39140.42,25046.91,579,84,No
CUST02639,39,45413.58,56835.31,677,48,No
CUST02640,43,102388.84,159850.97,562,36,No
CUST02641,49,45139.58,122709.73,575,36,Yes
CUST02642,50,48586.09,96332.02,736,24,No
CUST02643,59,39456.69,23119.17,793,12,No
CUST02644,64,80381.76,188941.31,679,60,Yes
CUST02645,45,118412.17,205363.26,733,12,No
CUST02646,57,60040.58,196062.73,632,36,Yes
CUST02647,28,50881.15,101695.49,550,12,Yes
CUST02648,62,49838.96,130923.23,696,60,Yes
CUST02649,36,16765.22,19390.75,693,12,No
CUST02650,28,68549.95,190769.07,655,36,No
CUST02651,21,52071.6,138659.69,632,48,Yes
CUST02652,64,59441.86,190941.83,722,36,No
CUST02653,25,35590.78,21406.61,576,36,No
CUST02654,23,41233.01,75971.91,592,36,Yes
CUST02655,21,40742.98,103383.93,574,60,Yes
CUST02656,24,77631.64,60979.01,656,120,No
CUST02657,60,41338.85,71591.12,568,36,No
CUST02658,55,125141.1,416274.34,599,12,Yes
CUST02659,52,59509.31,107581.14,597,12,No
CUST02660,62,27610.26,95426.98,630,60,Yes
CUST02661,54,46265.61,31021.89,538,48,No
CUST02662,63,36561.32,97015.07,657,60,Yes
CUST02663,45,18261.09,40960.51,744,48,Yes
CUST02664,30,100685.99,201534.99,660,84,No
CUST02665,41,67266.27,229548.99,766,84,No
CUST02666,59,62314.12,55394.21,750,60,No
CUST02667,47,52808.72,168354.03,708,36,No
CUST02668,47,26320.2,67740.86,656,36,No
CUST02669,22,39433.55,50356.18,652,48,No
CUST02670,61,71596.49,229467.28,707,48,Yes
CUST02671,33,30544.84,54610.65,621,48,No
CUST02672,29,15688.82,46167.21,509,24,Yes
CUST02673,56,44258.48,73757.18,687,48,Yes
CUST02674,42,45991.37,140402.11,565,36,Yes
CUST02675,62,52104.34,125565.59,578,48,No
CUST02676,46,68038.8,62809.33,650,24,No
CUST02677,32,65311.45,159947.05,643,36,No
CUST02678,37,55074.74,59152.16,544,24,No
CUST02679,34,83951.05,145719.54,662,84,No
CUST02680,34,24747.1,25016.52,722,36,No
CUST02681,54,61516.57,34821.35,565,24,No
CUST02682,40,64986.98,73803.09,745,12,No
CUST02683,31,28062.71,59187.51,533,48,Yes
CUST02684,36,24927.03,48475.17,809,24,No
CUST02685,51,35042.82,70243.03,619,120,Yes
CUST02686,26,36399.36,45246.61,661,48,No
CUST02687,39,68805.49,175831.3,508,36,Yes
CUST02688,57,37177.45,97136.86,645,48,No
CUST02689,24,33344.33,52480.76,667,36,Yes
CUST02690,24,37226.08,117020.56,644,60,Yes
CUST02691,40,81095.65,197230.27,608,36,Yes
CUST02692,30,49309.38,130133.26,579,120,Yes
CUST02693,44,45221.91,60236.48,735,48,No
CUST02694,55,46653.23,23412.22,652,60,No
CUST02695,46,87678.08,271462.46,766,12,No
CUST02696,57,34991.93,103830.61,611,36,Yes
CUST02697,58,88608.12,77051.46,617,60,No
CUST02698,41,53891.25,87428.61,711,48,Yes
CUST02699,60,45606.76,113288.01,528,24,Yes
CUST02700,59,151055.9,371043.53,559,36,No
CUST02701,41,30484.15,93923.22,732,36,No
CUST02702,30,41807.93,38496.93,562,48,No
CUST02703,58,28152.91,50388.62,514,36,Yes
CUST02704,24,75252.76,59575.6,790,36,No
CUST02705,65,104834.17,174945.77,545,24,Yes
CUST02706,40,103929.21,56674.92,664,36,No
CUST02707,37,85031.49,271660.24,655,24,Yes
CUST02708,27,44849.64,93338.02,439,120,Yes
CUST02709,24,41591.1,126828.18,630,24,No
CUST02710,49,23108.91,15707.45,684,84,No
CUST02711,34,122533.91,144880.95,677,36,No
CUST02712,23,60538.82,77377.09,718,36,No
CUST02713,44,39285.84,65217.42,621,24,Yes
CUST02714,57,89109.89,259184.95,703,48,No
CUST02715,36,31642.49,52516.21,598,48,Yes
CUST02716,24,58863.7,65571.84,544,36,Yes
CUST02717,44,45356.87,31521.7,553,12,No
CUST02718,54,65342.94,48254.14,540,84,Yes
CUST02719,50,47638.28,132441.16,726,120,No
CUST02720,38,25516.55,46807.79,536,36,Yes
CUST02721,39,50716.64,135846.72,671,48,No
CUST02722,51,78589.14,200155.64,630,36,No
CUST02723,39,48380.52,43836.98,642,36,No
CUST02724,39,69480.53,64524.05,752,12,No
CUST02725,42,30623.16,84704.46,617,36,No
CUST02726,44,48444.91,129047.79,696,60,No
CUST02727,65,37010.99,60479.37,653,12,Yes
CUST02728,32,68606.42,50238.2,639,48,No
CUST02729,50,49720.43,26664.77,822,84,No
CUST02730,58,66871.83,91244.66,542,24,Yes
CUST02731,51,79975.03,42200.17,747,24,No
CUST02732,56,66918.34,79647.4,699,60,No
CUST02733,39,55431.5,97476.42,614,36,Yes
CUST02734,65,31282.2,27035.56,772,24,No
CUST02735,56,48959.38,39795.81,511,36,No
CUST02736,50,38565.34,122996.91,611,36,Yes
CUST02737,53,41989.35,94745.19,559,84,Yes
CUST02738,38,41417.54,136817.34,681,48,No
CUST02739,48,31540.68,48493.12,567,36,No
CUST02740,31,20316.68,51430.35,682,48,Yes
CUST02741,65,36291.38,40431.32,636,120,No
CUST02742,53,53477.74,125941.2,614,24,No
CUST02743,37,26724.08,23751.22,679,24,No
CUST02744,26,49367.96,24992.13,630,120,No
CUST02745,24,115280.18,379801.55,568,120,Yes
CUST02746,40,77681.74,168156.35,850,24,No
CUST02747,47,102702.7,336949.28,613,24,Yes
CUST02748,35,58454.71,87769.43,484,36,Yes
CUST02749,26,82899.09,122969.05,587,12,No
CUST02750,34,35391.11,60234.43,555,48,Yes
CUST02751,31,36682.2,96038.51,712,12,No
CUST02752,59,15000.0,32961.39,674,12,Yes
CUST02753,29,83597.21,273869.87,680,36,Yes
CUST02754,46,98041.47,56503.53,622,120,No
CUST02755,36,38218.32,100307.34,629,36,No
CUST02756,25,43727.03,65196.26,622,36,No
CUST02757,30,34918.15,36339.35,644,120,No
CUST02758,23,58232.22,118280.52,713,48,No
CUST02759,33,81325.89,163887.23,675,36,Yes
CUST02760,63,22376.19,20385.45,688,36,No
CUST02761,50,58938.35,65167.44,687,24,No
CUST02762,65,43282.24,74639.96,716,48,No
CUST02763,26,51587.13,89061.79,672,36,No
CUST02764,37,60267.44,87548.97,677,36,Yes
CUST02765,65,45040.12,42591.53,739,24,No
CUST02766,39,46788.18,24008.0,600,36,No
CUST02767,62,44522.78,151854.08,586,48,Yes
CUST02768,55,75859.81,252650.92,561,12,Yes
CUST02769,46,59186.1,115469.19,664,24,No
CUST02770,25,54136.43,188673.86,511,84,Yes
CUST02771,49,27669.1,69752.78,685,48,No
CUST02772,57,41342.2,29211.27,642,12,Yes
CUST02773,40,73453.01,62666.77,735,48,No
CUST02774,41,49859.46,161960.11,600,12,Yes
CUST02775,30,65959.04,157652.44,635,60,Yes
CUST02776,25,108546.11,328845.96,734,60,Yes
CUST02777,56,78227.2,249920.96,754,48,No
CUST02778,26,51119.5,94255.46,599,60,Yes
CUST02779,46,38950.81,25145.78,664,12,No
CUST02780,24,15535.81,16543.17,672,60,No
CUST02781,59,45443.58,31797.59,678,24,No
CUST02782,59,42331.82,45135.01,630,36,No
CUST02783,55,58434.68,101185.42,746,84,No
CUST02784,21,45740.65,39089.52,508,48,No
CUST02785,44,42439.16,42447.64,618,120,No
CUST02786,56,22010.4,40443.35,684,12,No
CUST02787,26,32112.94,48828.14,684,36,No
CUST02788,61,60748.21,115602.29,751,12,Yes
CUST02789,64,106102.24,189659.46,740,48,No
CUST02790,51,46915.98,114166.94,629,12,Yes
CUST02791,40,56812.69,188139.12,747,24,Yes
CUST02792,44,75253.31,61978.1,596,36,No
CUST02793,45,34033.4,27151.18,720,60,No
CUST02794,56,57818.63,176833.56,786,24,No
CUST02795,41,35128.9,70931.93,741,60,No
CUST02796,50,72342.78,202503.0,658,24,No
CUST02797,44,52477.06,60152.65,625,12,No
CUST02798,64,56067.04,167449.13,535,36,Yes
CUST02799,62,34469.52,112768.41,673,120,Yes
CUST02800,50,67384.11,162156.43,566,24,Yes
CUST02801,42,125256.74,102414.55,591,24,No
CUST02802,48,31145.96,99227.43,561,60,Yes
CUST02803,27,42070.77,121057.09,615,36,Yes
CUST02804,55,54405.65,149758.81,648,60,Yes
CUST02805,48,69834.46,42611.91,671,24,No
CUST02806,34,38108.94,110397.31,605,36,No
CUST02807,30,15000.0,13707.8,730,36,No
CUST02808,36,90367.08,105472.71,634,36,No
CUST02809,36,69025.26,154023.28,591,60,Yes
CUST02810,51,22374.42,28973.58,667,60,No
CUST02811,62,37294.24,92640.56,797,48,No
CUST02812,45,99278.28,230743.7,675,84,No
CUST02813,33,94043.09,77533.71,623,36,No
CUST02814,26,74786.15,184575.49,535,24,Yes
CUST02815,64,45285.83,148169.11,634,48,No
CUST02816,29,50886.06,50037.77,668,48,No
CUST02817,65,46216.09,105889.66,621,12,No
CUST02818,56,81447.01,124255.24,525,48,Yes
CUST02819,63,33053.11,62101.34,586,36,No
CUST02820,40,34111.51,46425.78,759,60,No
CUST02821,38,77236.2,120673.21,758,60,No
CUST02822,63,48051.92,28193.77,584,48,No
CUST02823,41,91154.42,313995.55,700,12,Yes
CUST02824,24,36236.4,86039.7,562,48,Yes
CUST02825,53,47827.2,95755.64,755,60,No
CUST02826,47,32367.63,53443.68,668,24,No
CUST02827,27,49183.49,104176.71,721,36,No
CUST02828,26,25201.38,41338.28,521,120,Yes
CUST02829,35,39362.35,62181.64,701,36,No
CUST02830,38,25685.6,48593.04,649,24,Yes
CUST02831,52,66987.78,88956.36,714,24,No
CUST02832,31,67674.53,70391.64,719,48,No
CUST02833,40,22502.5,48826.32,655,84,Yes
CUST02834,44,89343.93,270559.89,605,48,Yes
CUST02835,35,150819.16,144557.83,708,36,No
CUST02836,27,50046.25,29937.82,645,48,Yes
CUST02837,41,36735.49,45568.0,585,48,Yes
CUST02838,62,174721.54,600895.67,581,48,No
CUST02839,46,27077.66,80861.32,539,24,Yes
CUST02840,64,49466.35,113159.13,612,48,No
CUST02841,34,53147.7,174736.18,733,36,Yes
CUST02842,57,89797.86,164854.27,663,12,Yes
CUST02843,41,57634.84,198831.08,610,48,Yes
CUST02844,38,39167.98,54400.65,710,120,No
CUST02845,25,31951.26,39009.84,588,36,No
CUST02846,23,42031.73,101470.67,657,120,No
CUST02847,43,31159.76,50929.44,637,12,No
CUST02848,46,50087.23,119162.36,708,60,No
CUST02849,57,38029.28,53810.92,532,24,No
CUST02850,44,25026.31,58905.8,586,36,Yes
CUST02851,39,86233.64,114452.63,527,48,No
CUST02852,45,39184.92,25584.47,631,48,No
CUST02853,41,27704.18,89662.02,741,60,No
CUST02854,32,45446.15,143137.9,612,48,Yes
CUST02855,61,50552.48,172505.0,612,48,No
CUST02856,53,22339.01,59189.03,715,84,No
CUST02857,24,56910.86,145018.18,730,36,No
CUST02858,62,30600.73,66618.07,643,24,No
CUST02859,27,105869.55,92935.18,701,24,No
CUST02860,42,62055.36,66256.88,569,36,No
CUST02861,53,40947.46,56032.88,753,60,No
CUST02862,37,35055.03,111140.89,811,12,No
CUST02863,44,46759.12,47643.27,689,24,No
CUST02864,54,64586.19,211107.68,494,24,Yes
CUST02865,48,48461.63,100235.96,608,48,No
CUST02866,63,44457.04,117664.84,696,24,No
CUST02867,61,50325.47,41807.05,618,24,No
CUST02868,59,37356.55,48828.77,745,48,No
CUST02869,42,42005.56,141792.11,694,60,Yes
CUST02870,37,19175.59,24898.54,597,36,No
CUST02871,54,75976.31,105574.03,652,48,No
CUST02872,26,56075.76,61279.15,583,12,No
CUST02873,26,34611.62,30708.16,636,84,Yes
CUST02874,54,115200.66,138214.63,608,36,No
CUST02875,21,50978.41,123723.62,738,120,No
CUST02876,30,30752.77,57387.84,809,120,No
CUST02877,41,72080.0,155784.16,543,60,Yes
CUST02878,25,58637.03,50843.85,506,12,No
CUST02879,22,58545.59,170153.94,632,48,Yes
CUST02880,42,40473.79,115442.75,536,12,Yes
CUST02881,22,60037.41,33907.31,653,84,No
CUST02882,30,43573.69,71920.35,706,60,No
CUST02883,54,62954.89,44465.78,762,120,No
CUST02884,36,20801.39,59831.4,665,48,No
CUST02885,59,40326.21,109356.98,636,48,Yes
CUST02886,42,106400.95,341117.65,502,48,Yes
CUST02887,32,34711.27,41973.28,652,36,No
CUST02888,44,37356.89,69815.83,655,36,No
CUST02889,60,40071.37,42213.73,698,48,No
CUST02890,58,28377.09,45792.25,597,84,Yes
CUST02891,30,18147.24,37505.44,617,48,Yes
CUST02892,55,44189.22,29164.55,539,84,Yes
CUST02893,52,52111.28,137814.08,478,84,Yes
CUST02894,27,47876.15,101970.46,567,48,Yes
CUST02895,41,45926.82,137177.76,532,36,Yes
CUST02896,40,49979.51,65740.12,675,48,No
CUST02897,46,77674.22,249331.4,611,36,Yes
CUST02898,24,44994.67,157305.09,610,12,Yes
CUST02899,42,37860.47,123345.45,576,36,Yes
CUST02900,35,43195.58,122402.34,408,120,Yes
CUST02901,60,63621.46,186863.0,763,12,No
CUST02902,41,92541.47,205556.14,575,48,Yes
CUST02903,35,36950.53,39554.12,619,60,No
CUST02904,42,51252.53,129726.41,541,48,Yes
CUST02905,48,57082.96,150599.63,723,48,No
CUST02906,34,31361.61,108390.6,661,60,Yes
CUST02907,47,49473.27,105076.47,588,36,Yes
CUST02908,61,25347.79,33309.71,621,12,No
CUST02909,60,22113.14,56411.01,776,120,No
CUST02910,48,57816.87,198781.77,645,36,Yes
CUST02911,46,41243.81,42548.84,636,48,No
CUST02912,22,53692.37,79356.99,579,48,Yes
CUST02913,45,48627.63,103364.97,508,12,Yes
CUST02914,23,31590.76,31927.01,638,120,No
CUST02915,28,48032.62,27218.26,674,60,No
CUST02916,64,28144.42,42524.79,732,24,No
CUST02917,53,91668.82,283816.97,481,120,Yes
CUST02918,62,26630.52,16788.02,566,60,No
CUST02919,55,44886.69,80202.96,606,36,Yes
CUST02920,26,30668.08,85459.74,650,48,Yes
CUST02921,59,63366.43,212882.55,639,24,Yes
CUST02922,43,42228.72,145960.45,641,48,Yes
CUST02923,45,38816.47,68546.32,681,12,Yes
CUST02924,63,71965.4,241167.06,582,48,Yes
CUST02925,39,49674.34,30115.41,720,48,No
CUST02926,25,61851.4,169333.72,683,84,No
CUST02927,31,31520.81,76540.03,626,60,No
CUST02928,32,26051.55,32527.07,770,24,No
CUST02929,30,51443.72,104016.91,767,84,No
CUST02930,28,42468.55,37740.15,720,48,No
CUST02931,44,64983.95,202411.45,424,48,Yes
CUST02932,48,47289.39,74419.04,768,24,No
CUST02933,61,53759.94,127848.31,710,84,Yes
CUST02934,56,23611.23,23052.33,800,84,No
CUST02935,57,114668.04,128255.58,743,60,No
CUST02936,41,45528.38,158250.69,768,84,No
CUST02937,28,67098.31,185141.63,716,36,Yes
CUST02938,29,33649.68,113934.98,751,84,Yes
CUST02939,35,56308.71,78131.35,800,36,No
CUST02940,60,27274.84,27102.7,666,24,No
CUST02941,38,60079.89,120712.84,532,48,Yes
CUST02942,62,41764.9,82861.76,627,48,No
CUST02943,40,49668.97,50902.72,679,36,No
CUST02944,26,67110.0,181174.1,656,12,No
CUST02945,32,28151.53,44629.54,557,24,Yes
CUST02946,22,36025.37,38154.31,528,36,Yes
CUST02947,27,60222.18,90089.38,594,24,No
CUST02948,36,126020.47,276107.84,711,24,No
CUST02949,23,46067.5,123433.85,769,36,No
CUST02950,65,63959.88,124444.99,719,120,No
CUST02951,23,46716.97,97021.1,729,60,No
CUST02952,47,117478.49,107708.72,644,36,No
CUST02953,63,22331.43,72444.78,519,120,Yes
CUST02954,60,51153.16,168098.11,616,48,Yes
CUST02955,58,23588.28,60156.71,631,36,Yes
CUST02956,53,15867.73,8773.18,613,36,No
CUST02957,48,56042.07,118317.29,654,36,No
CUST02958,21,52196.67,124627.74,683,24,No
CUST02959,28,43123.5,150240.66,714,36,Yes
CUST02960,57,46733.32,163015.21,629,48,No
CUST02961,52,197646.38,607334.46,507,48,Yes
CUST02962,63,43644.0,30179.52,614,60,No
CUST02963,57,61670.19,207201.3,653,36,Yes
CUST02964,24,36599.35,85568.69,742,60,No
CUST02965,50,55985.87,162507.96,607,48,Yes
CUST02966,26,44037.41,75813.86,688,120,No
CUST02967,39,40752.26,59457.89,672,36,Yes
CUST02968,52,111135.38,210016.13,653,84,Yes
CUST02969,29,83260.81,78317.08,720,60,No
CUST02970,32,52132.09,81909.86,600,48,No
CUST02971,31,17380.51,53407.74,607,48,Yes
CUST02972,36,41670.38,25579.42,649,12,No
CUST02973,21,165439.76,157603.56,602,120,Yes
CUST02974,65,44187.72,38679.65,688,24,No
CUST02975,41,80535.06,137652.67,597,48,No
CUST02976,50,93795.68,327437.03,667,36,Yes
CUST02977,33,54096.99,55182.92,642,36,No
CUST02978,54,33563.02,31430.02,666,48,Yes
CUST02979,24,16384.8,53171.42,616,84,Yes
CUST02980,48,66694.21,209830.09,625,36,Yes
CUST02981,58,33974.31,20273.19,657,120,No
CUST02982,51,53064.73,146199.59,665,48,Yes
CUST02983,47,27933.47,68895.03,650,24,No
CUST02984,25,43505.52,121955.65,778,24,No
CUST02985,45,49770.29,98719.74,576,60,Yes
CUST02986,23,55318.75,192184.95,645,12,Yes
CUST02987,53,29683.01,18746.04,532,36,Yes
CUST02988,24,84003.18,101065.47,678,24,No
CUST02989,45,37473.8,63317.16,566,36,Yes
CUST02990,40,23074.62,42672.68,629,60,No
CUST02991,54,46673.86,152348.25,622,36,Yes
CUST02992,46,49784.99,108531.93,671,24,No
CUST02993,25,52694.44,33478.52,609,36,No
CUST02994,55,90486.83,155962.09,605,36,No
CUST02995,48,44072.8,77104.1,758,12,No
CUST02996,49,46451.83,157772.38,671,48,Yes
CUST02997,29,29838.87,68557.53,608,48,No
CUST02998,58,70915.84,170691.11,631,12,Yes
CUST02999,26,53259.91,140593.33,773,36,No
CUST03000,39,40578.25,114029.67,632,36,Yes
CUST03001,64,20803.91,50036.59,598,36,No
CUST03002,31,93899.98,113767.62,599,48,No
CUST03003,22,28213.17,88085.4,609,36,Yes
CUST03004,64,37568.64,101298.56,605,36,Yes
CUST03005,64,57598.69,156991.65,554,60,Yes
CUST03006,29,28611.07,99843.2,566,24,Yes
CUST03007,41,25032.26,72783.29,588,48,No
CUST03008,44,18849.16,56311.0,694,48,No
CUST03009,54,67808.89,227445.7,621,36,Yes
CUST03010,42,38356.0,36568.69,634,60,No
CUST03011,23,183005.51,364763.31,745,48,No
CUST03012,32,31336.54,70247.16,747,36,Yes
CUST03013,48,32381.65,48178.3,629,48,No
CUST03014,50,38008.81,114718.57,603,60,Yes
CUST03015,46,54688.6,152431.29,585,120,Yes
CUST03016,41,39672.3,105633.42,702,48,Yes
CUST03017,48,64572.86,225452.8,635,84,Yes
CUST03018,46,31559.67,40337.81,621,12,No
CUST03019,53,26325.25,71245.91,589,48,Yes
CUST03020,41,21824.83,47015.34,592,24,Yes
CUST03021,55,18022.78,25934.2,674,12,No
CUST03022,54,38826.91,38118.73,551,48,No
CUST03023,61,42811.36,136467.7,725,60,No
CUST03024,38,36895.81,84357.34,610,36,Yes
CUST03025,31,85779.27,255176.3,639,48,Yes
CUST03026,43,85187.81,181964.14,550,36,Yes
CUST03027,42,42164.7,48908.15,649,36,No
CUST03028,37,21867.03,33077.09,625,36,No
CUST03029,25,37986.37,62473.01,646,36,No
CUST03030,64,37424.48,127946.98,760,36,Yes
CUST03031,31,36471.6,18852.16,663,48,No
CUST03032,50,35811.58,123800.56,590,24,Yes
CUST03033,35,36531.92,125720.4,597,12,Yes
CUST03034,47,41194.35,143704.53,695,48,Yes
CUST03035,55,36827.73,71068.85,747,48,No
CUST03036,53,53838.56,182589.54,671,36,No
CUST03037,40,57651.18,97245.87,702,24,Yes
CUST03038,36,32539.49,18836.57,696,36,No
CUST03039,54,86853.62,101882.91,756,60,No
CUST03040,22,31538.74,105209.73,504,84,Yes
CUST03041,55,23670.62,12812.77,700,60,No
CUST03042,60,58183.1,124394.44,724,12,No
CUST03043,48,33933.78,24663.23,550,48,No
CUST03044,59,56646.26,76993.02,584,24,No
CUST03045,26,16619.78,12702.14,586,36,No
CUST03046,29,91730.04,282398.8,595,24,Yes
CUST03047,40,66338.92,150802.44,614,60,Yes
CUST03048,21,24953.9,80010.17,668,48,Yes
CUST03049,28,25198.77,64636.35,715,48,No
CUST03050,43,104038.85,355093.69,731,48,Yes
CUST03051,23,35178.1,71398.63,587,24,Yes
CUST03052,24,33678.56,81371.84,587,36,Yes
CUST03053,45,17681.54,39410.85,749,48,No
CUST03054,58,41862.67,81748.64,699,48,No
CUST03055,35,44246.26,134414.74,656,60,Yes
CUST03056,41,67641.16,164609.86,686,36,No
CUST03057,55,26118.91,75847.66,648,60,Yes
CUST03058,34,24732.44,70712.32,689,36,Yes
CUST03059,56,60050.02,64441.81,625,48,Yes
CUST03060,32,77113.11,188964.95,670,36,Yes
CUST03061,37,24172.75,26564.5,537,84,Yes
CUST03062,59,79752.34,179439.69,598,24,No
CUST03063,29,49855.99,126250.53,599,48,Yes
CUST03064,55,80122.53,279764.26,622,48,Yes
CUST03065,33,47496.0,28099.87,581,24,No
CUST03066,35,15755.97,12190.82,610,12,No
CUST03067,38,45780.55,33469.25,536,60,Yes
CUST03068,53,78989.07,133893.1,691,24,No
CUST03069,26,32787.88,97208.36,644,24,Yes
CUST03070,47,41167.97,124828.24,522,120,No
CUST03071,43,45285.4,122765.95,587,60,Yes
CUST03072,47,15000.0,47859.52,675,36,Yes
CUST03073,54,103995.86,152726.22,609,48,No
CUST03074,58,32675.5,24979.24,598,48,No
CUST03075,34,61548.51,41511.95,644,60,No
CUST03076,56,47145.06,144094.07,676,60,No
CUST03077,28,86329.67,232339.81,542,60,Yes
CUST03078,55,58848.71,152762.18,691,24,No
CUST03079,39,44103.04,66993.8,590,48,Yes
CUST03080,50,32791.29,53768.39,649,12,Yes
CUST03081,34,70195.03,236861.94,647,12,Yes
CUST03082,40,21098.38,14587.72,610,60,No
CUST03083,45,65555.39,184944.55,573,12,Yes
CUST03084,60,29894.5,42716.25,629,48,No
CUST03085,44,86122.64,53151.78,772,60,No
CUST03086,34,52711.28,143781.1,548,36,Yes
CUST03087,46,65503.29,97779.1,777,12,No
CUST03088,58,50863.2,135623.8,631,60,Yes
CUST03089,43,22279.68,58438.78,653,84,Yes
CUST03090,42,33278.67,70030.32,568,60,Yes
CUST03091,39,66341.78,187887.84,592,48,Yes
CUST03092,23,52838.49,118522.81,612,24,No
CUST03093,62,83403.49,113421.29,572,12,Yes
CUST03094,39,58775.1,158830.65,634,48,No
CUST03095,29,31728.93,71942.79,619,24,No
CUST03096,48,34261.28,18438.8,789,84,No
CUST03097,40,51344.49,164555.63,563,36,No
CUST03098,65,17303.78,36976.98,658,48,No
CUST03099,27,104093.92,323303.41,669,60,Yes
CUST03100,34,59801.5,188267.71,570,60,Yes
CUST03101,29,85149.65,156241.09,702,48,No
CUST03102,39,24070.16,48693.45,620,84,No
CUST03103,34,85824.03,149957.17,463,120,Yes
CUST03104,58,133809.78,247322.0,699,84,No
CUST03105,56,27054.39,86180.18,566,60,Yes
CUST03106,60,69364.52,198689.95,571,60,Yes
CUST03107,37,49045.29,43139.11,702,48,No
CUST03108,50,24465.15,57026.39,624,24,No
CUST03109,29,61193.59,213426.1,719,36,Yes
CUST03110,53,71333.51,163114.92,741,12,No
CUST03111,45,37402.51,106881.97,602,24,Yes
CUST03112,34,82839.68,232546.26,709,36,Yes
CUST03113,31,23154.78,35911.97,593,24,Yes
CUST03114,55,25018.22,40418.13,817,84,No
CUST03115,61,52128.59,139299.54,598,60,Yes
CUST03116,34,49583.99,99165.53,727,12,No
CUST03117,50,35509.02,78535.73,713,24,No
CUST03118,61,70566.97,186206.29,674,60,No
CUST03119,24,62249.29,176335.13,600,60,Yes
CUST03120,24,72125.47,94812.52,639,84,No
CUST03121,48,46378.38,43613.36,488,120,Yes
CUST03122,28,64290.11,88423.58,667,120,No
CUST03123,22,40113.06,81133.28,676,36,No
CUST03124,61,123527.42,188555.21,660,36,No
CUST03125,42,34008.11,74990.88,427,60,Yes
CUST03126,61,126422.39,83488.99,555,36,No
CUST03127,36,49796.48,101049.57,594,60,Yes
CUST03128,49,26397.38,42340.2,672,48,No
CUST03129,50,90729.31,190894.49,672,60,No
CUST03130,32,51878.29,91700.07,637,36,No
CUST03131,55,71898.15,97255.01,698,48,No
CUST03132,31,85027.94,273137.27,573,48,Yes
CUST03133,41,57072.63,60171.39,696,84,Yes
CUST03134,41,37552.36,95536.84,686,36,No
CUST03135,25,76044.28,248963.96,678,84,No
CUST03136,40,49037.47,103763.77,636,60,No
CUST03137,57,66745.09,208860.44,787,60,No
CUST03138,23,18598.22,16265.16,687,60,No
CUST03139,64,59942.54,118768.13,577,48,Yes
CUST03140,53,36777.31,68813.14,669,24,No
CUST03141,29,103155.14,54090.06,706,24,No
CUST03142,29,64886.14,118726.84,606,84,Yes
CUST03143,24,54608.02,87759.96,732,60,No
CUST03144,55,61012.83,153105.36,679,24,Yes
CUST03145,37,31278.98,103689.49,474,48,Yes
CUST03146,54,101769.48,77077.48,672,36,No
CUST03147,44,120104.41,178046.28,620,24,Yes
CUST03148,52,58501.7,107186.48,690,48,No
CUST03149,21,100275.99,187070.49,721,36,No
CUST03150,28,37944.63,107171.92,665,12,No
CUST03151,65,34245.1,62674.94,775,36,No
CUST03152,43,49931.94,29034.62,637,48,No
CUST03153,60,59618.63,156815.61,697,12,No
CUST03154,32,41056.56,129512.47,710,36,Yes
CUST03155,32,62442.14,127489.0,643,36,No
CUST03156,35,56267.66,126226.68,708,12,No
CUST03157,61,31280.87,30930.82,605,24,No
CUST03158,39,61911.23,71937.0,618,24,No
CUST03159,46,72300.6,87159.15,552,24,No
CUST03160,49,52953.06,94903.85,668,60,No
CUST03161,42,82346.53,270461.88,674,36,No
CUST03162,60,28343.93,58540.26,738,24,No
CUST03163,41,60510.83,65127.38,709,24,Yes
CUST03164,58,28951.4,37586.54,629,36,Yes
CUST03165,40,29692.9,49054.01,562,60,Yes
CUST03166,49,36904.22,87454.77,682,36,No
CUST03167,24,32082.72,58393.74,733,24,No
CUST03168,27,38307.53,64254.54,707,36,No
CUST03169,48,44517.26,97679.14,731,48,No
CUST03170,48,71447.59,87559.38,634,12,No
CUST03171,24,42424.38,31254.46,615,48,No
CUST03172,42,24015.83,13766.91,595,36,No
CUST03173,32,81881.68,102661.41,646,12,No
CUST03174,65,33634.56,26059.25,644,48,No
CUST03175,23,47742.43,72044.37,666,60,No
CUST03176,42,59930.54,168932.24,640,48,Yes
CUST03177,64,53627.9,142054.03,640,36,Yes
CUST03178,22,80208.18,187108.27,592,48,Yes
CUST03179,44,60812.55,185934.42,721,36,Yes
CUST03180,54,33269.98,44788.14,656,60,No
CUST03181,47,130659.89,412253.02,637,48,Yes
CUST03182,61,53500.7,90829.08,594,12,No
CUST03183,21,45875.98,78112.11,550,48,No
CUST03184,28,75641.96,129805.75,748,48,No
CUST03185,43,54844.27,43561.88,692,36,Yes
CUST03186,58,58668.17,201024.81,528,84,Yes
CUST03187,26,150464.55,137753.35,707,60,Yes
CUST03188,42,43312.45,65950.01,719,24,No
CUST03189,45,42489.3,61945.19,659,84,No
CUST03190,38,51661.1,37404.61,770,36,No
CUST03191,37,79394.32,75962.93,666,60,No
CUST03192,32,24885.98,15792.02,544,60,No
CUST03193,26,20241.69,27877.13,677,48,No
CUST03194,46,37639.08,116680.05,668,36,No
CUST03195,47,23499.51,35679.93,605,84,Yes
CUST03196,28,40490.63,35270.4,693,24,No
CUST03197,39,61458.96,149780.5,525,36,Yes
CUST03198,62,32832.13,114577.66,724,36,No
CUST03199,21,25794.8,30875.64,584,84,Yes
CUST03200,49,50574.45,67704.67,576,84,Yes
CUST03201,65,72268.57,246836.28,641,24,No
CUST03202,55,22862.7,23693.28,682,84,No
CUST03203,60,70905.59,144196.6,662,36,No
CUST03204,34,70812.29,86317.09,594,120,No
CUST03205,55,75307.75,248293.85,612,48,No
CUST03206,65,84822.5,292176.45,565,12,Yes
CUST03207,40,132046.08,388756.01,633,12,Yes
CUST03208,33,41762.69,60320.0,731,24,No
CUST03209,58,51498.46,88086.18,650,24,Yes
CUST03210,28,40643.85,49866.63,714,60,No
CUST03211,63,49064.43,155645.81,759,24,No
CUST03212,40,97713.3,316950.17,606,120,Yes
CUST03213,53,26762.14,47010.7,636,48,No
CUST03214,46,33273.87,82173.12,813,48,No
CUST03215,59,91101.67,90797.35,758,24,No
CUST03216,41,77576.24,140010.2,525,84,Yes
CUST03217,62,41630.6,99684.36,679,48,No
CUST03218,63,72004.28,119254.16,650,84,No
CUST03219,61,57156.43,89895.55,712,120,No
CUST03220,29,96290.37,48433.77,594,24,No
CUST03221,44,50692.3,147660.61,587,12,Yes
CUST03222,57,77771.82,246382.12,599,60,No
CUST03223,61,160959.07,548611.38,607,84,No
CUST03224,37,64160.6,170526.95,711,48,No
CUST03225,44,50121.12,107578.82,561,36,No
CUST03226,41,67853.15,88741.98,603,48,Yes
CUST03227,59,41590.36,145478.85,516,36,Yes
CUST03228,61,143571.07,325799.88,726,24,No
CUST03229,59,53158.43,135206.46,745,36,No
CUST03230,33,43355.12,110434.96,625,24,No
CUST03231,31,33655.78,102170.72,628,36,Yes
CUST03232,39,80318.0,42489.64,684,120,No
CUST03233,31,72419.75,84060.56,761,60,No
CUST03234,33,39190.53,97843.16,681,84,No
CUST03235,65,63538.61,202398.25,598,60,Yes
CUST03236,21,24863.34,63551.1,529,36,Yes
CUST03237,60,53275.76,92725.07,566,60,No
CUST03238,64,60098.51,95236.09,655,84,No
CUST03239,39,105693.47,286835.59,601,84,Yes
CUST03240,32,34652.72,94384.07,665,48,No
CUST03241,28,27577.11,64011.27,609,24,No
CUST03242,28,32763.08,45029.61,571,12,No
CUST03243,65,26864.05,87992.24,562,24,No
CUST03244,32,89455.43,192833.69,767,120,No
CUST03245,53,98409.01,282579.22,717,36,No
CUST03246,65,56618.86,64711.1,780,84,No
CUST03247,46,84930.0,130123.15,690,36,No
CUST03248,59,52066.72,162642.82,618,48,Yes
CUST03249,48,46966.96,30543.6,749,12,No
CUST03250,25,42198.21,85955.47,648,24,No
CUST03251,28,42630.45,82921.19,667,36,No
CUST03252,45,24428.1,67267.43,647,48,Yes
CUST03253,47,55210.84,74296.2,429,24,Yes
CUST03254,43,48139.09,55706.58,770,60,No
CUST03255,50,68556.42,224755.27,687,36,Yes
CUST03256,65,51127.9,113254.89,675,60,No
CUST03257,43,45559.91,37088.9,645,12,No
CUST03258,40,33122.34,35742.6,662,48,No
CUST03259,38,50638.58,177056.69,605,36,Yes
CUST03260,38,68337.01,74270.51,696,60,No
CUST03261,22,29304.53,68321.36,552,36,Yes
CUST03262,24,50988.9,89760.06,664,48,No
CUST03263,50,54440.81,171858.6,692,84,Yes
CUST03264,53,35485.2,98134.53,635,12,No
CUST03265,56,37626.53,86196.89,678,12,Yes
CUST03266,38,54381.26,28942.63,576,60,No
CUST03267,57,29435.61,92409.73,578,48,Yes
CUST03268,39,57380.84,105236.6,668,36,No
CUST03269,48,32764.16,107949.16,701,36,Yes
CUST03270,60,79085.45,157112.5,509,12,Yes
CUST03271,40,140367.95,362524.58,689,24,No
CUST03272,53,33278.25,23556.94,609,36,No
CUST03273,32,62342.18,170534.23,636,60,No
CUST03274,35,35346.91,53514.8,550,36,Yes
CUST03275,61,78309.91,121699.63,586,48,No
CUST03276,59,27740.08,23744.61,722,84,No
CUST03277,22,60855.9,57239.32,652,36,No
CUST03278,49,33095.58,34991.2,621,60,No
CUST03279,61,44661.05,66304.62,641,84,No
CUST03280,30,30823.68,97893.23,687,24,Yes
CUST03281,22,70973.21,113896.44,683,36,No
CUST03282,31,33636.22,89912.58,644,120,Yes
CUST03283,33,62842.31,47021.29,732,120,No
CUST03284,30,41988.7,95452.76,723,24,Yes
CUST03285,34,46559.55,90589.69,681,12,No
CUST03286,38,52391.0,179904.08,654,36,No
CUST03287,29,34793.26,105723.61,699,36,No
CUST03288,59,53888.11,100473.81,674,36,No
CUST03289,48,97601.74,275766.72,730,48,No
CUST03290,23,34539.45,37272.08,717,84,No
CUST03291,40,83059.67,181652.24,574,36,No
CUST03292,26,96196.08,69632.22,569,60,No
CUST03293,47,33952.92,52432.38,597,12,Yes
CUST03294,22,25469.21,29992.2,723,12,No
CUST03295,49,56155.64,149190.34,532,48,No
CUST03296,58,38317.68,75496.25,680,12,No
CUST03297,23,113649.16,312900.17,677,36,No
CUST03298,36,49794.68,101874.25,737,84,No
CUST03299,50,34166.82,25948.11,664,24,No
CUST03300,60,29254.19,79164.85,549,60,No
CUST03301,22,80054.04,240137.13,578,36,Yes
CUST03302,37,37909.89,121713.25,561,12,Yes
CUST03303,61,49997.23,110792.65,610,48,Yes
CUST03304,32,75365.98,208067.09,636,60,No
CUST03305,55,39422.17,108652.74,563,36,Yes
CUST03306,63,48018.04,46445.41,760,48,No
CUST03307,21,48656.67,48299.63,551,84,Yes
CUST03308,65,66669.04,47512.13,751,60,No
CUST03309,35,63948.6,93348.39,739,24,No
CUST03310,46,44397.96,85267.43,717,60,No
CUST03311,57,50445.16,176239.93,598,48,Yes
CUST03312,41,41468.92,74352.95,676,60,Yes
CUST03313,51,25211.98,67536.03,554,36,Yes
CUST03314,45,55045.77,142028.6,718,24,Yes
CUST03315,43,114861.95,127892.56,644,48,No
CUST03316,44,32936.16,22249.08,619,36,No
CUST03317,58,34618.26,74014.54,558,48,Yes
CUST03318,48,33129.27,86166.47,464,84,Yes
CUST03319,41,67918.67,237359.14,572,84,Yes
CUST03320,63,59983.12,94523.39,733,36,No
CUST03321,38,45645.4,145567.46,620,36,Yes
CUST03322,56,32431.69,53375.99,637,48,No
CUST03323,55,51101.52,131240.72,699,48,No
CUST03324,65,24243.89,55633.88,785,120,No
CUST03325,29,52289.03,34455.14,749,48,No
CUST03326,58,72561.23,53344.5,577,36,No
CUST03327,50,27916.14,15697.03,504,48,No
CUST03328,64,24596.68,39662.2,827,48,No
CUST03329,54,99782.4,273144.66,820,48,No
CUST03330,52,37223.97,37903.91,664,48,No
CUST03331,23,81730.01,189414.11,555,24,Yes
CUST03332,23,45738.75,62501.24,722,12,No
CUST03333,48,45575.26,131757.07,642,36,Yes
CUST03334,64,59711.85,172877.06,642,36,Yes
CUST03335,35,32932.01,93073.88,717,12,No
CUST03336,61,52032.5,107941.45,675,60,No
CUST03337,43,41288.11,55891.72,561,36,Yes
CUST03338,60,27059.08,79237.97,626,84,Yes
CUST03339,31,57060.47,60387.19,700,24,No
CUST03340,52,43543.32,59622.95,688,12,No
CUST03341,56,45676.48,48044.49,670,36,No
CUST03342,53,28436.46,71734.68,720,24,No
CUST03343,44,100320.98,256692.1,623,84,Yes
CUST03344,59,72730.88,178738.32,663,12,No
CUST03345,54,75649.81,132145.42,397,36,Yes
CUST03346,48,42725.44,34202.27,616,84,No
CUST03347,57,22513.44,72797.41,707,36,No
CUST03348,27,118044.01,238825.8,621,12,No
CUST03349,24,47691.39,82072.9,615,36,No
CUST03350,57,34997.79,79321.6,572,36,No
CUST03351,21,59133.96,63768.37,725,24,No
CUST03352,21,82884.58,74401.04,691,36,No
CUST03353,40,48514.95,83279.58,712,60,No
CUST03354,39,87147.63,102979.05,521,84,No
CUST03355,49,79805.68,98390.1,638,12,No
CUST03356,30,30200.94,95964.53,629,24,No
CUST03357,38,36199.28,75738.94,629,36,Yes
CUST03358,48,75424.82,147109.11,604,48,No
CUST03359,55,15000.0,38526.58,624,36,Yes
CUST03360,63,45832.33,153751.17,714,60,Yes
CUST03361,51,25748.35,21540.96,507,60,Yes
CUST03362,47,39559.09,118701.15,783,24,No
CUST03363,31,42853.0,96507.42,686,48,No
CUST03364,58,41722.26,39156.18,647,24,No
CUST03365,25,38234.08,53200.73,718,36,No
CUST03366,28,29920.09,58256.94,541,24,Yes
CUST03367,54,137497.37,353853.8,600,24,Yes
CUST03368,32,113590.81,139469.19,641,48,Yes
CUST03369,58,29058.62,61157.83,752,48,No
CUST03370,21,99902.75,255153.11,647,24,Yes
CUST03371,51,40955.46,75612.88,684,120,No
CUST03372,24,51955.06,160493.23,606,36,Yes
CUST03373,65,47644.7,148097.7,687,12,Yes
CUST03374,25,36428.73,69654.41,776,24,No
CUST03375,50,76323.3,260932.35,725,48,Yes
CUST03376,44,51877.94,37702.57,644,120,No
CUST03377,23,39559.13,20178.6,701,48,No
CUST03378,31,27253.43,44750.26,693,84,No
CUST03379,65,32790.11,75525.17,688,36,No
CUST03380,24,23420.78,55919.47,733,36,No
CUST03381,46,49291.19,95099.33,733,48,No
CUST03382,47,28609.68,25023.45,640,48,No
CUST03383,63,43499.2,43999.12,698,36,No
CUST03384,47,90811.92,277561.54,621,84,Yes
CUST03385,62,84093.52,261003.87,581,12,Yes
CUST03386,26,48313.94,121833.05,630,36,No
CUST03387,35,47136.92,117496.03,644,48,Yes
CUST03388,50,114227.07,261927.97,525,48,Yes
CUST03389,62,61965.95,68706.46,715,36,No
CUST03390,57,42297.66,75490.84,442,36,Yes
CUST03391,57,25804.18,66773.06,850,36,No
CUST03392,62,58526.97,123594.73,763,48,No
CUST03393,57,71196.27,39566.69,630,60,No
CUST03394,55,36892.25,123982.69,651,60,Yes
CUST03395,43,55884.44,169578.44,673,36,Yes
CUST03396,26,41622.33,53344.64,606,120,Yes
CUST03397,24,45124.72,106014.97,664,60,No
CUST03398,38,16002.18,52322.62,639,36,Yes
CUST03399,29,44364.65,34960.81,643,24,No
CUST03400,49,75827.49,152344.13,664,36,Yes
CUST03401,33,36896.38,68949.34,551,36,No
CUST03402,37,50193.3,86865.28,653,84,No
CUST03403,65,34885.35,104892.08,662,60,Yes
CUST03404,52,57653.07,94662.79,660,84,No
CUST03405,42,44469.75,30728.15,634,36,No
CUST03406,24,32123.44,22406.52,735,48,No
CUST03407,25,89290.3,56095.19,623,36,No
CUST03408,57,74460.15,128625.16,667,24,No
CUST03409,61,37338.94,99143.06,747,48,No
CUST03410,33,61328.79,68146.55,644,24,No
CUST03411,54,62432.13,152297.29,666,48,No
CUST03412,65,65449.59,167633.77,643,48,Yes
CUST03413,42,22870.08,28944.52,743,60,No
CUST03414,43,77108.82,177479.29,631,24,No
CUST03415,23,37935.23,96909.53,746,60,No
CUST03416,62,41730.08,79280.51,642,120,No
CUST03417,54,160660.19,242620.95,586,84,Yes
CUST03418,52,56153.43,132379.16,701,60,No
CUST03419,65,41198.41,141456.44,627,48,Yes
CUST03420,41,18171.64,32355.05,697,36,No
CUST03421,64,91618.99,153480.62,445,60,Yes
CUST03422,41,26759.79,50650.95,650,60,No
CUST03423,64,31208.71,22740.39,616,48,No
CUST03424,31,42230.22,91195.73,570,60,Yes
CUST03425,59,92724.25,137796.78,609,36,No
CUST03426,24,69421.92,59999.03,607,24,Yes
CUST03427,21,45659.78,86697.43,646,48,No
CUST03428,48,56315.86,28729.65,547,36,No
CUST03429,44,37414.98,63805.85,674,36,No
CUST03430,55,52200.33,42658.41,752,12,No
CUST03431,33,50665.55,29025.18,671,36,No
CUST03432,54,75807.04,225406.56,711,60,Yes
CUST03433,31,75752.76,246101.51,732,48,No
CUST03434,56,61223.71,68755.69,743,12,No
CUST03435,37,41645.29,88200.34,790,36,No
CUST03436,55,68447.34,91300.16,613,36,Yes
CUST03437,38,47033.44,93160.65,596,36,No
CUST03438,60,30125.84,54524.58,709,36,Yes
CUST03439,42,40885.08,53443.06,703,84,No
CUST03440,44,50921.33,132455.58,708,12,No
CUST03441,39,73835.66,64936.46,792,48,No
CUST03442,57,45134.96,29753.79,651,84,Yes
CUST03443,59,28448.78,79742.68,682,120,Yes
CUST03444,41,50288.6,125610.37,576,24,Yes
CUST03445,28,51588.56,102949.01,810,48,No
CUST03446,48,53296.55,101443.02,625,12,Yes
CUST03447,25,74157.18,147738.47,627,36,Yes
CUST03448,37,77537.38,140425.8,624,24,Yes
CUST03449,57,37519.09,62982.43,602,60,No
CUST03450,56,37150.61,74266.74,595,24,No
CUST03451,39,30696.7,64019.36,611,48,Yes
CUST03452,47,67135.42,172921.17,548,48,Yes
CUST03453,54,94086.42,247788.02,591,120,Yes
CUST03454,31,42540.55,69463.92,796,48,No
CUST03455,65,43974.11,76542.28,705,36,No
CUST03456,32,94850.02,153760.56,719,24,No
CUST03457,41,61543.59,129832.81,738,24,No
CUST03458,31,59653.38,110958.9,788,60,No
CUST03459,59,28683.79,90892.89,517,48,Yes
CUST03460,48,66531.29,172255.09,558,48,No
CUST03461,25,32269.85,103133.45,590,12,Yes
CUST03462,37,29427.68,77318.61,615,60,Yes
CUST03463,40,41938.22,143134.16,627,48,No
CUST03464,61,37661.49,90659.13,616,120,Yes
CUST03465,32,44368.28,150437.33,666,48,No
CUST03466,26,25631.01,24977.67,653,36,Yes
CUST03467,37,75468.25,49615.32,596,36,No
CUST03468,39,81426.73,182182.18,487,24,Yes
CUST03469,46,20408.28,70418.35,576,60,Yes
CUST03470,64,76138.25,133456.32,609,60,Yes
CUST03471,64,34039.0,38672.73,631,24,No
CUST03472,52,72087.72,148834.06,565,24,Yes
CUST03473,26,47533.93,116286.81,613,12,Yes
CUST03474,56,49659.7,71784.89,565,84,Yes
CUST03475,58,45103.09,119266.47,641,24,No
CUST03476,31,84580.43,289717.03,570,36,Yes
CUST03477,53,28062.39,89543.98,586,36,Yes
CUST03478,44,64442.47,88592.68,552,36,No
CUST03479,43,80466.69,119104.46,638,60,No
CUST03480,35,67666.94,109256.64,585,84,No
CUST03481,47,139541.11,234939.55,718,24,No
CUST03482,31,38637.32,30946.89,680,48,No
CUST03483,37,75416.94,210103.19,645,36,No
CUST03484,34,46735.49,74590.67,590,120,Yes
CUST03485,47,85394.14,268091.48,679,36,Yes
CUST03486,38,48851.48,160273.0,702,12,Yes
CUST03487,48,41169.62,23602.29,661,48,No
CUST03488,24,88232.66,305771.1,770,24,No
CUST03489,27,39292.82,103342.8,684,12,No
CUST03490,65,25958.99,53506.06,719,48,No
CUST03491,55,38848.27,64821.56,660,60,No
CUST03492,29,64767.86,133133.86,701,36,No
CUST03493,28,91712.82,135173.16,590,48,No
CUST03494,65,51534.57,122037.13,616,48,Yes
CUST03495,37,88715.39,69104.04,676,48,No
CUST03496,37,26604.12,62875.32,676,48,No
CUST03497,53,40156.17,53248.47,688,48,No
CUST03498,52,43051.02,23803.1,733,24,No
CUST03499,28,46557.73,100477.04,543,36,Yes
CUST03500,39,50911.42,113804.5,577,36,Yes
CUST03501,58,66897.04,119057.13,667,36,No
CUST03502,23,40128.29,28766.31,596,60,No
CUST03503,25,52185.65,165951.87,850,36,No
CUST03504,33,48035.46,112128.81,689,24,No
CUST03505,51,32317.03,27377.05,644,36,No
CUST03506,36,46576.43,94680.18,611,24,Yes
CUST03507,52,45952.03,91525.55,614,60,No
CUST03508,42,45511.2,31002.48,652,36,No
CUST03509,49,49726.42,115394.09,658,60,No
CUST03510,42,50718.86,148351.61,616,36,No
CUST03511,63,40354.86,110855.78,630,84,No
CUST03512,23,86918.1,96384.2,751,120,No
CUST03513,30,28961.82,89401.59,754,48,No
CUST03514,62,35438.83,54137.3,669,84,No
CUST03515,41,171267.79,571953.09,549,48,Yes
CUST03516,36,30727.21,21977.45,690,84,No
CUST03517,32,26657.09,52211.27,767,60,Yes
CUST03518,22,68221.47,156320.84,753,120,No
CUST03519,61,19250.57,23927.5,705,48,No
CUST03520,44,44096.11,124092.65,757,60,No
CUST03521,55,128749.15,306511.43,654,48,No
CUST03522,50,24459.62,13558.66,697,36,No
CUST03523,50,20092.78,46717.84,599,36,No
CUST03524,55,24968.45,49298.57,672,84,Yes
CUST03525,39,73442.77,79912.17,750,12,No
CUST03526,28,81320.18,283583.37,606,48,Yes
CUST03527,46,38922.78,124221.53,585,36,No
CUST03528,60,66665.68,91833.51,657,36,No
CUST03529,27,91639.24,194569.6,633,84,Yes
CUST03530,50,109568.57,158820.35,699,84,No
CUST03531,27,43877.16,124018.23,616,48,Yes
CUST03532,23,17401.95,57269.72,779,36,No
CUST03533,21,33880.82,53412.63,553,36,Yes
CUST03534,56,40454.7,117996.36,744,36,No
CUST03535,45,43629.01,87049.59,593,36,No
CUST03536,57,45047.07,76117.64,515,24,Yes
CUST03537,21,81105.22,268885.34,668,48,Yes
CUST03538,35,86985.16,176685.48,631,36,Yes
CUST03539,57,45376.37,86316.36,567,48,Yes
CUST03540,33,80363.73,202299.88,524,36,Yes
CUST03541,60,57580.98,73916.85,649,36,No
CUST03542,28,50464.62,74403.96,723,12,No
CUST03543,25,73713.77,242970.72,694,120,No
CUST03544,29,50640.83,128404.36,654,48,Yes
CUST03545,21,123749.55,368762.7,686,12,Yes
CUST03546,56,25660.68,33701.08,648,48,No
CUST03547,55,38877.58,82862.53,543,84,Yes
CUST03548,22,46307.84,158103.71,543,60,Yes
CUST03549,60,59739.8,86987.82,635,60,No
CUST03550,43,86732.35,85121.68,638,24,No
CUST03551,29,48485.53,98554.5,714,48,No
CUST03552,54,25848.21,42997.55,707,60,No
CUST03553,34,71620.12,70096.88,695,48,No
CUST03554,24,68853.16,217965.29,629,84,No
CUST03555,50,20458.7,71036.12,546,36,Yes
CUST03556,51,48936.96,107942.53,681,24,No
CUST03557,58,23967.07,67683.73,689,84,No
CUST03558,31,36348.46,111848.4,471,48,Yes
CUST03559,55,32654.44,84997.74,587,12,Yes
CUST03560,28,70556.5,44624.74,598,36,No
CUST03561,23,51666.95,50266.91,659,84,No
CUST03562,34,27487.43,19597.65,590,12,Yes
CUST03563,33,72840.67,38579.25,647,12,No
CUST03564,65,25713.91,36462.05,634,36,No
CUST03565,52,56871.59,95377.52,638,84,No
CUST03566,54,33985.7,41567.54,596,84,No
CUST03567,65,41582.94,28850.82,602,48,Yes
CUST03568,39,61507.96,128526.37,569,48,Yes
CUST03569,58,61985.28,81817.96,679,36,No
CUST03570,36,89467.98,258393.5,693,24,Yes
CUST03571,22,47239.51,24760.96,592,60,No
CUST03572,60,56269.22,170359.63,764,24,Yes
CUST03573,37,40256.16,135432.23,626,36,Yes
CUST03574,54,53204.35,140906.68,765,48,No
CUST03575,62,59740.69,161355.55,602,24,Yes
CUST03576,36,46899.42,154800.3,498,48,Yes
CUST03577,58,21770.53,24540.04,680,48,No
CUST03578,22,56906.33,198244.39,669,60,Yes
CUST03579,22,57760.05,162908.96,653,24,No
CUST03580,46,36095.44,96725.39,602,36,No
CUST03581,33,27502.33,43543.66,647,48,Yes
CUST03582,51,95239.08,203557.58,612,120,No
CUST03583,54,61154.0,150546.07,627,24,Yes
CUST03584,59,44219.16,104402.7,713,120,Yes
CUST03585,23,29387.81,76847.77,664,60,No
CUST03586,28,33866.56,25303.24,696,60,No
CUST03587,43,88094.53,138039.31,633,12,No
CUST03588,34,52153.57,93980.74,624,36,No
CUST03589,47,38262.89,49048.74,563,12,No
CUST03590,49,61658.12,62760.68,622,36,No
CUST03591,59,33979.78,31152.07,401,120,Yes
CUST03592,59,96315.0,154022.15,606,24,No
CUST03593,21,90107.64,178442.42,644,48,No
CUST03594,37,39737.14,27376.08,692,12,Yes
CUST03595,61,36941.78,123362.43,630,60,Yes
CUST03596,50,15090.79,42189.77,676,24,No
CUST03597,33,25166.99,67763.51,487,24,Yes
CUST03598,41,26829.0,27327.53,646,36,No
CUST03599,39,52095.59,120413.87,524,60,Yes
CUST03600,39,42327.61,88429.78,559,24,Yes
CUST03601,45,26758.27,92246.63,636,24,Yes
CUST03602,42,43194.83,118484.08,746,12,No
CUST03603,51,61537.48,137061.55,678,120,No
CUST03604,37,62163.77,189751.05,651,48,Yes
CUST03605,43,20850.82,20126.94,649,60,No
CUST03606,52,46271.5,25248.02,596,48,No
CUST03607,30,26304.54,67621.08,609,24,Yes
CUST03608,30,73554.21,58470.77,682,48,No
CUST03609,56,69763.48,59040.9,546,24,Yes
CUST03610,28,32724.78,89470.93,694,36,No
CUST03611,40,34727.24,45548.41,621,48,Yes
CUST03612,52,39832.16,95035.3,712,48,No
CUST03613,34,17787.35,57848.39,722,24,No
CUST03614,48,57021.61,82648.47,525,12,No
CUST03615,44,43356.85,49922.49,606,60,No
CUST03616,35,75854.99,62177.47,586,60,No
CUST03617,42,29903.05,26655.19,514,12,No
CUST03618,50,37100.83,25475.96,573,24,No
CUST03619,24,24886.07,18986.26,833,84,No
CUST03620,33,31196.75,56029.79,696,60,No
CUST03621,43,28799.35,42121.79,794,120,No
CUST03622,28,76740.75,201036.4,712,36,No
CUST03623,38,35802.83,111372.76,594,36,Yes
CUST03624,32,51838.02,147962.28,621,24,Yes
CUST03625,51,41301.6,86399.3,694,48,No
CUST03626,34,27687.62,22352.95,683,24,No
CUST03627,54,45445.31,119489.44,607,24,Yes
CUST03628,38,64189.6,101964.29,537,12,Yes
CUST03629,54,28467.21,21548.29,850,48,No
CUST03630,31,70551.68,213588.1,639,36,Yes
CUST03631,61,33443.93,50655.83,626,48,No
CUST03632,32,39444.79,45548.73,659,84,No
CUST03633,35,62243.38,193848.06,632,60,Yes
CUST03634,51,36368.33,116611.47,659,36,Yes
CUST03635,49,49856.73,75628.3,747,120,No
CUST03636,46,42548.04,66562.33,641,36,No
CUST03637,38,51959.28,116330.88,563,24,No
CUST03638,52,16792.16,45344.28,638,120,No
CUST03639,42,21517.96,14835.51,615,12,No
CUST03640,58,64678.57,147469.14,757,48,No
CUST03641,37,78177.07,262554.58,738,36,Yes
CUST03642,43,32541.81,41857.93,658,48,No
CUST03643,44,43922.73,141715.88,554,48,Yes
CUST03644,28,55972.94,187537.62,558,24,No
CUST03645,61,66966.51,87556.09,651,48,No
CUST03646,26,19683.68,54378.24,675,60,No
CUST03647,25,32901.78,40019.26,622,36,No
CUST03648,64,42206.91,114500.32,614,36,Yes
CUST03649,49,67266.2,194551.33,606,36,Yes
CUST03650,48,150888.09,187345.23,648,60,No
CUST03651,31,44240.57,117131.71,471,60,Yes
CUST03652,21,26026.23,76421.17,567,84,No
CUST03653,63,58748.48,92572.13,603,24,Yes
CUST03654,39,88827.19,89103.29,741,12,No
CUST03655,29,51462.38,39929.34,589,24,No
CUST03656,47,32598.06,72568.01,664,24,No
CUST03657,54,75440.33,259084.3,667,48,No
CUST03658,64,66078.29,196176.59,747,120,No
CUST03659,24,30892.34,55838.49,745,36,No
CUST03660,56,58200.05,122794.12,646,120,Yes
CUST03661,38,76785.38,102783.65,614,12,Yes
CUST03662,35,83437.28,82535.96,600,84,Yes
CUST03663,33,47576.68,92595.8,632,24,No
CUST03664,39,41725.35,78881.97,617,84,No
CUST03665,26,85158.82,175920.23,692,12,Yes
CUST03666,32,28436.47,95501.43,682,84,Yes
CUST03667,57,59716.32,138045.37,694,24,No
CUST03668,37,26462.61,61322.22,744,36,No
CUST03669,43,79175.27,69996.82,790,36,No
CUST03670,46,43646.55,152303.18,659,36,Yes
CUST03671,49,86756.66,244526.67,732,48,Yes
CUST03672,53,61153.09,191507.63,624,120,No
CUST03673,47,28269.84,49271.54,739,48,No
CUST03674,45,93067.7,186729.57,730,60,No
CUST03675,30,98524.48,203576.35,726,12,Yes
CUST03676,43,72913.49,78913.08,657,48,Yes
CUST03677,41,34796.97,89374.89,600,36,Yes
CUST03678,41,42714.5,137067.85,545,84,Yes
CUST03679,63,52336.13,51871.25,647,36,No
CUST03680,33,35715.15,27106.19,765,48,No
CUST03681,57,104983.24,284993.46,627,24,Yes
CUST03682,53,52310.21,69028.84,709,36,No
CUST03683,44,15000.0,35573.81,713,36,Yes
CUST03684,64,57108.61,147755.68,629,36,Yes
CUST03685,31,41912.07,61431.87,749,36,No
CUST03686,37,47395.52,139600.37,432,12,Yes
CUST03687,24,41527.92,89283.66,558,60,Yes
CUST03688,45,70486.11,219000.22,581,12,No
CUST03689,50,81134.17,226354.65,589,84,Yes
CUST03690,29,55679.87,172926.47,675,24,Yes
CUST03691,41,42079.25,23584.75,672,12,No
CUST03692,40,48117.36,59209.32,680,48,No
CUST03693,39,49455.07,38081.58,695,48,No
CUST03694,39,34163.27,62390.64,579,36,No
CUST03695,32,63609.49,201634.47,559,48,Yes
CUST03696,57,60295.88,114720.19,680,36,No
CUST03697,62,98046.64,298957.85,603,48,No
CUST03698,37,86241.55,127769.85,532,48,No
CUST03699,57,36006.2,54682.98,723,36,No
CUST03700,59,70907.7,225960.52,755,60,No
CUST03701,48,31954.59,56797.73,767,60,No
CUST03702,61,67048.36,192381.62,664,36,Yes
CUST03703,55,38852.34,47008.64,697,60,No
CUST03704,38,30931.68,103509.85,753,84,Yes
CUST03705,34,55604.56,123649.79,602,48,Yes
CUST03706,55,15000.0,41669.56,733,24,No
CUST03707,64,22293.74,17133.79,671,84,No
CUST03708,61,45257.72,89519.44,719,24,Yes
CUST03709,27,50873.57,162953.92,664,12,Yes
CUST03710,61,41514.85,129987.81,747,36,No
CUST03711,33,24082.81,15423.64,667,60,No
CUST03712,38,33926.4,47873.39,539,84,Yes
CUST03713,57,58456.85,106973.7,759,48,No
CUST03714,33,63691.21,64760.87,579,120,Yes
CUST03715,56,48664.23,130906.53,744,12,No
CUST03716,51,82501.78,86918.59,643,12,No
CUST03717,22,58619.85,90269.83,738,48,No
CUST03718,36,35018.96,87191.67,735,120,No
CUST03719,29,43207.7,84093.77,682,48,No
CUST03720,29,26074.43,70810.67,688,12,No
CUST03721,58,46692.44,157989.65,682,24,No
CUST03722,31,80857.63,68699.88,499,24,Yes
CUST03723,42,66728.04,175408.21,659,36,No
CUST03724,53,92125.24,109724.15,566,12,Yes
CUST03725,56,42774.68,74574.67,663,84,No
CUST03726,65,89836.35,53774.98,564,48,No
CUST03727,43,44936.83,40790.16,561,48,No
CUST03728,65,95055.22,138717.11,770,12,No
CUST03729,65,48541.02,74071.53,730,12,No
CUST03730,54,67390.15,215564.62,650,48,No
CUST03731,29,95206.22,259478.72,664,84,Yes
CUST03732,44,44934.34,153520.37,631,48,Yes
CUST03733,28,54082.99,124240.23,693,84,No
CUST03734,27,87552.03,107263.6,599,60,Yes
CUST03735,56,46172.91,68472.81,725,12,No
CUST03736,38,27054.23,39485.86,631,24,No
CUST03737,23,128585.99,190240.78,619,48,No
CUST03738,48,39680.14,99950.01,652,36,No
CUST03739,26,52650.98,110168.16,606,36,No
CUST03740,64,82471.08,136594.58,675,36,No
CUST03741,64,37278.71,35312.98,610,36,No
CUST03742,41,31146.57,17641.96,685,84,No
CUST03743,48,54950.16,63550.08,741,24,No
CUST03744,60,21875.35,17990.6,596,36,Yes
CUST03745,21,43063.98,123005.16,640,48,No
CUST03746,56,54735.48,45840.63,685,48,No
CUST03747,41,43413.32,116030.12,617,48,No
CUST03748,63,24475.97,40556.1,685,84,No
CUST03749,55,100446.46,72335.03,692,60,No
CUST03750,33,51358.83,150902.01,731,48,No
CUST03751,30,93341.35,208981.17,605,24,No
CUST03752,64,43607.47,52646.62,579,36,Yes
CUST03753,30,32991.15,105045.26,627,48,Yes
CUST03754,33,55333.37,35179.57,577,60,Yes
CUST03755,57,44484.49,49175.77,692,120,No
CUST03756,58,28854.1,79525.96,563,48,Yes
CUST03757,44,94978.22,249615.47,825,48,No
CUST03758,22,37048.32,50675.25,747,12,No
CUST03759,42,21415.71,14692.78,651,12,No
CUST03760,37,89114.27,273958.14,715,24,No
CUST03761,56,39068.27,56301.01,527,12,Yes
CUST03762,34,37289.95,40539.41,839,36,No
CUST03763,30,22149.62,45366.53,606,36,No
CUST03764,55,107304.26,346665.9,641,48,No
CUST03765,45,27439.36,17304.35,511,48,Yes
CUST03766,23,50327.27,140786.12,686,48,No
CUST03767,58,73915.6,163901.91,567,36,Yes
CUST03768,37,59264.91,105275.07,658,36,No
CUST03769,32,47722.37,130389.03,609,120,Yes
CUST03770,44,22793.95,77441.84,569,12,Yes
CUST03771,49,34051.31,40439.97,590,84,No
CUST03772,63,53343.65,49659.85,667,36,Yes
CUST03773,45,34398.62,111404.93,554,48,Yes
CUST03774,56,53718.45,134664.59,594,24,No
CUST03775,46,66621.63,120848.84,700,12,No
CUST03776,58,75593.55,167800.95,845,36,No
CUST03777,21,28232.22,77267.12,686,60,No
CUST03778,40,131727.51,371352.46,581,36,Yes
CUST03779,48,69242.19,225707.56,622,48,No
CUST03780,36,48983.0,87215.62,652,36,Yes
CUST03781,37,80040.77,110474.89,624,36,Yes
CUST03782,60,142120.92,343789.48,718,84,No
CUST03783,48,25657.11,44827.68,666,84,No
CUST03784,32,44295.21,101161.2,718,48,No
CUST03785,47,16809.61,29584.2,626,24,Yes
CUST03786,62,53460.22,51267.68,749,24,No
CUST03787,50,57781.7,110263.68,638,120,No
CUST03788,61,48164.48,123915.33,577,24,No
CUST03789,54,36514.32,105813.07,813,60,No
CUST03790,57,19491.2,38592.16,513,36,Yes
CUST03791,26,57993.73,57745.15,595,120,No
CUST03792,27,94366.89,164581.81,603,36,Yes
CUST03793,52,37573.03,107416.85,838,36,No
CUST03794,52,59756.12,103890.66,786,48,No
CUST03795,45,24205.5,62682.38,762,120,No
CUST03796,53,60219.16,121741.53,625,120,No
CUST03797,27,41067.73,50253.32,832,60,No
CUST03798,32,34783.97,100471.81,678,60,Yes
CUST03799,36,34816.14,26204.03,723,48,No
CUST03800,36,41063.49,85193.23,663,60,Yes
CUST03801,63,58226.45,65602.18,646,84,No
CUST03802,56,27160.71,19045.01,631,36,No
CUST03803,33,40998.8,82358.46,634,48,No
CUST03804,27,48114.44,96165.68,696,48,No
CUST03805,56,29894.58,78344.81,678,48,No
CUST03806,29,110029.01,300847.05,648,84,No
CUST03807,52,33387.17,89590.28,763,36,No
CUST03808,31,36270.26,62699.54,427,24,Yes
CUST03809,28,31563.65,75597.13,688,36,No
CUST03810,53,110118.91,245657.2,704,24,No
CUST03811,43,62868.93,110943.87,736,36,No
CUST03812,45,32161.76,73703.11,645,84,Yes
CUST03813,28,80644.36,269492.78,666,48,No
CUST03814,65,53654.17,57875.75,724,84,No
CUST03815,42,55037.17,177071.98,762,24,No
CUST03816,24,41981.54,27723.2,627,84,No
CUST03817,60,34988.08,49863.88,670,48,Yes
CUST03818,23,57067.77,77865.31,776,12,No
CUST03819,49,38357.71,91256.65,491,48,Yes
CUST03820,61,111028.26,99223.16,598,120,No
CUST03821,49,27689.79,87140.96,760,12,Yes
CUST03822,54,97857.79,292169.52,732,48,No
CUST03823,54,46625.67,114521.85,689,84,No
CUST03824,48,56083.03,105169.23,616,12,Yes
CUST03825,33,71319.21,235272.67,584,48,Yes
CUST03826,35,36915.54,110460.14,606,36,Yes
CUST03827,43,72324.03,144499.47,766,36,No
CUST03828,64,15000.0,39084.3,603,48,Yes
CUST03829,46,35454.47,78027.84,658,12,No
CUST03830,24,32343.61,73220.33,593,60,Yes
CUST03831,46,27887.18,41633.56,713,12,No
CUST03832,60,44501.15,83940.46,610,36,Yes
CUST03833,29,58313.42,42823.29,643,48,Yes
CUST03834,25,67251.66,105722.71,524,36,Yes
CUST03835,52,54633.06,141362.25,529,36,Yes
CUST03836,40,36331.41,122060.75,651,60,Yes
CUST03837,31,57875.96,196152.76,551,84,Yes
CUST03838,35,51840.58,112347.28,808,84,No
CUST03839,52,74699.25,173292.31,495,48,Yes
CUST03840,48,69537.5,73512.51,590,84,No
CUST03841,42,49697.72,128514.54,651,84,No
CUST03842,61,32736.18,23307.39,623,36,No
CUST03843,37,36540.35,49477.72,567,36,No
CUST03844,46,38276.63,95886.4,578,12,Yes
CUST03845,64,42537.02,60867.51,576,36,Yes
CUST03846,27,55305.23,35922.99,628,84,Yes
CUST03847,62,67631.46,202597.56,796,48,No
CUST03848,46,47906.03,68553.05,656,48,No
CUST03849,45,49377.8,34036.89,739,24,No
CUST03850,30,52286.2,37874.27,688,24,No
CUST03851,65,38864.74,48785.99,734,36,No
CUST03852,39,32324.27,33424.84,440,120,No
CUST03853,31,22249.01,62806.74,627,36,No
CUST03854,33,35853.01,52526.53,748,84,No
CUST03855,28,60652.46,176746.57,607,24,No
CUST03856,60,35728.0,36497.51,782,48,No
CUST03857,24,44045.87,87150.81,761,48,No
CUST03858,51,60469.48,155050.48,615,84,Yes
CUST03859,48,61964.09,152182.1,612,12,No
CUST03860,31,30158.14,69465.9,574,24,Yes
CUST03861,63,76778.25,251407.68,603,24,Yes
CUST03862,21,81414.41,96522.93,558,84,Yes
CUST03863,58,29482.95,58410.37,682,24,No
CUST03864,44,33835.76,106649.56,541,12,Yes
CUST03865,51,83783.45,61470.35,695,48,No
CUST03866,61,45886.03,30636.49,697,48,No
CUST03867,46,18053.59,21662.63,525,60,No
CUST03868,25,26111.82,62643.92,766,84,No
CUST03869,40,43817.29,56070.31,689,48,No
CUST03870,61,29045.85,31099.96,706,84,No
CUST03871,31,40699.02,76367.92,593,60,Yes
CUST03872,53,49740.68,116432.7,697,36,Yes
CUST03873,58,94656.95,117911.62,734,84,No
CUST03874,47,43014.64,60309.69,643,48,No
CUST03875,54,79430.98,185922.34,800,36,Yes
CUST03876,35,93240.93,311165.06,653,48,Yes
CUST03877,52,93474.07,235949.6,736,36,No
CUST03878,41,55722.52,158737.44,672,24,Yes
CUST03879,25,20262.35,32428.48,694,60,No
CUST03880,26,60317.12,79423.36,525,60,No
CUST03881,58,78572.73,146365.54,678,60,No
CUST03882,42,47264.74,138079.14,595,24,No
CUST03883,38,107480.29,200869.8,587,120,No
CUST03884,34,72180.49,219441.41,781,12,No
CUST03885,30,63305.22,219435.89,634,36,No
CUST03886,33,79927.19,57234.26,575,36,No
CUST03887,51,56954.98,36236.49,623,12,No
CUST03888,50,15966.3,15148.33,552,36,Yes
CUST03889,23,39159.07,64734.21,758,48,No
CUST03890,50,84012.9,75034.16,598,84,No
CUST03891,26,34084.02,106069.25,690,120,Yes
CUST03892,49,44330.91,25243.74,752,60,No
CUST03893,28,30632.71,44337.12,612,36,No
CUST03894,64,109399.89,115316.66,690,60,No
CUST03895,65,104471.71,344194.38,573,60,Yes
CUST03896,63,32933.94,82612.91,833,36,No
CUST03897,64,52380.21,169507.11,720,60,Yes
CUST03898,53,36090.24,123319.85,636,36,Yes
CUST03899,37,64648.82,128734.85,592,36,No
CUST03900,31,61657.95,74171.88,641,48,No
CUST03901,33,70634.04,76368.56,625,48,Yes
CUST03902,31,56917.79,66523.04,796,60,No
CUST03903,51,183676.77,482294.77,558,36,Yes
CUST03904,48,30866.73,19178.65,660,48,No
CUST03905,64,22702.46,14849.3,649,84,No
CUST03906,26,41073.13,95471.57,641,120,Yes
CUST03907,61,24207.2,58730.82,642,24,No
CUST03908,36,25044.06,62504.68,641,24,No
CUST03909,24,31238.56,50470.31,715,48,No
CUST03910,55,32370.89,94452.91,696,36,No
CUST03911,46,31901.93,67021.93,681,12,No
CUST03912,32,61895.24,50531.08,422,36,Yes
CUST03913,31,39035.04,112861.93,672,60,No
CUST03914,57,45216.55,151891.59,526,60,Yes
CUST03915,45,73306.51,49856.41,698,36,No
CUST03916,38,34722.91,58128.03,761,36,No
CUST03917,39,43519.06,85408.25,581,48,No
CUST03918,43,57791.21,54289.77,630,24,No
CUST03919,58,20461.38,63494.26,605,48,No
CUST03920,38,16760.71,22668.0,743,12,Yes
CUST03921,46,57282.63,163199.68,657,36,No
CUST03922,26,61169.65,153718.32,780,36,No
CUST03923,24,124106.96,284718.43,681,48,Yes
CUST03924,64,52635.32,56658.16,668,48,No
CUST03925,49,70889.87,82381.87,655,36,No
CUST03926,54,44893.01,28823.34,711,12,No
CUST03927,37,56036.15,68483.87,520,36,Yes
CUST03928,63,103804.6,159478.21,656,48,No
CUST03929,63,18848.78,56535.71,645,12,Yes
CUST03930,36,59049.26,94430.28,704,24,Yes
CUST03931,22,128157.34,354209.63,636,48,Yes
CUST03932,54,55654.34,101197.78,572,60,Yes
CUST03933,28,103028.18,294104.75,651,36,Yes
CUST03934,33,36932.77,126635.63,569,36,Yes
CUST03935,62,48318.93,58926.13,506,84,No
CUST03936,28,49765.94,153628.69,705,84,No
CUST03937,50,18071.37,42747.32,693,36,No
CUST03938,52,28978.8,85542.02,685,60,Yes
CUST03939,56,29923.7,73455.43,748,48,No
CUST03940,50,70964.12,125737.67,600,120,Yes
CUST03941,21,72581.76,85953.12,543,36,No
CUST03942,63,56716.27,40274.55,645,60,No
CUST03943,59,71029.2,149626.92,624,60,No
CUST03944,37,45530.27,158034.58,587,36,Yes
CUST03945,40,84193.18,228510.85,644,60,No
CUST03946,44,49215.05,72938.51,604,36,No
CUST03947,42,50314.01,150016.98,512,24,Yes
CUST03948,49,43498.57,122098.4,617,36,Yes
CUST03949,42,66702.83,89709.13,565,84,No
CUST03950,64,40556.87,22019.24,667,48,Yes
CUST03951,29,76068.85,64999.91,601,48,No
CUST03952,57,29452.46,92242.71,733,48,Yes
CUST03953,30,29896.23,89978.36,770,24,Yes
CUST03954,56,66792.23,92549.12,701,36,Yes
CUST03955,57,47105.97,63856.21,534,60,No
CUST03956,48,39964.58,115041.84,763,120,No
CUST03957,48,73168.92,242424.17,768,24,No
CUST03958,62,37299.39,105833.73,651,36,No
CUST03959,63,44797.58,103784.17,749,12,No
CUST03960,41,92010.0,112989.57,609,24,No
CUST03961,44,97989.35,203547.76,510,36,No
CUST03962,62,99466.8,119413.43,593,48,Yes
CUST03963,60,43176.14,126248.51,780,24,No
CUST03964,22,85290.33,141657.28,538,24,Yes
CUST03965,28,31983.37,95985.02,650,60,Yes
CUST03966,47,32594.33,53612.06,653,120,Yes
CUST03967,42,17022.56,50598.68,612,36,Yes
CUST03968,57,104067.05,156095.73,617,48,No
CUST03969,47,33230.02,60491.87,655,36,No
CUST03970,49,46307.55,108659.06,608,84,No
CUST03971,23,32544.19,23134.46,543,48,No
CUST03972,64,67025.23,224174.0,666,60,Yes
CUST03973,33,41397.05,91935.29,731,12,No
CUST03974,65,27250.64,55140.58,715,48,No
CUST03975,30,59799.24,180484.98,589,48,Yes
CUST03976,56,25714.79,79646.12,556,36,Yes
CUST03977,29,33629.79,69505.42,629,36,No
CUST03978,47,18994.41,62335.61,768,48,No
CUST03979,54,25828.11,17930.22,698,60,No
CUST03980,21,53121.56,44604.97,703,12,No
CUST03981,52,20250.99,46382.15,717,48,No
CUST03982,45,25171.92,39323.51,682,24,No
CUST03983,49,48968.57,92681.61,659,24,No
CUST03984,27,38383.27,56969.89,700,48,No
CUST03985,23,120140.42,205941.82,609,36,Yes
CUST03986,40,111887.98,332076.7,544,36,Yes
CUST03987,40,33171.12,75644.37,704,36,Yes
CUST03988,50,62988.78,219958.94,743,48,No
CUST03989,55,68677.52,196461.5,566,36,Yes
CUST03990,55,37463.95,49489.83,712,120,No
CUST03991,59,25009.38,32338.01,776,36,No
CUST03992,47,48750.25,73500.5,650,60,No
CUST03993,46,45352.45,137407.88,589,36,Yes
CUST03994,34,40291.91,23444.37,659,48,No
CUST03995,37,59816.85,71214.58,609,48,Yes
CUST03996,38,34967.41,112411.67,604,36,Yes
CUST03997,65,29190.57,70632.11,682,36,No
CUST03998,49,51487.14,60782.69,530,36,Yes
CUST03999,40,58319.19,67500.67,542,12,No
CUST04000,47,28868.6,89142.03,651,24,Yes
CUST04001,38,74431.97,236788.38,648,60,Yes
CUST04002,24,22098.91,28030.11,676,60,No
CUST04003,21,37791.86,66571.54,791,36,No
CUST04004,21,43647.28,131107.14,658,36,No
CUST04005,46,36816.42,103565.41,695,12,No
CUST04006,65,38014.49,111829.06,577,24,Yes
CUST04007,40,113775.62,233831.04,708,60,No
CUST04008,43,33426.43,108122.71,611,48,No
CUST04009,30,147053.21,217323.27,655,24,No
CUST04010,31,59677.3,57887.96,642,36,No
CUST04011,61,51094.13,134183.25,727,60,No
CUST04012,61,60736.99,128644.79,552,24,No
CUST04013,25,153041.97,468883.45,479,36,Yes
CUST04014,21,31347.29,23306.01,634,48,No
CUST04015,37,29608.36,89745.23,685,48,No
CUST04016,42,34902.38,48161.23,661,36,No
CUST04017,54,49735.01,122575.26,742,84,No
CUST04018,65,22548.03,13988.49,683,24,No
CUST04019,61,49516.08,115310.27,608,60,No
CUST04020,49,105039.97,278546.58,476,24,Yes
CUST04021,24,52477.16,84291.47,632,48,No
CUST04022,25,42971.46,49255.27,727,84,No
CUST04023,31,37116.9,78424.0,621,36,Yes
CUST04024,41,73447.8,220311.99,652,60,Yes
CUST04025,55,33805.38,49715.61,682,60,No
CUST04026,32,112519.09,141482.39,574,24,No
CUST04027,46,117009.67,156419.22,697,60,Yes
CUST04028,39,55024.72,184189.55,773,84,No
CUST04029,65,48767.44,76946.77,637,48,Yes
CUST04030,27,77947.98,39816.82,565,24,No
CUST04031,27,80230.52,228259.33,645,24,Yes
CUST04032,46,34108.56,88608.05,483,36,Yes
CUST04033,60,38678.93,34258.11,675,24,No
CUST04034,25,27036.52,93403.41,684,48,No
CUST04035,41,58928.45,136960.73,776,12,No
CUST04036,34,66170.01,132494.76,635,24,No
CUST04037,24,26703.06,43970.8,681,36,No
CUST04038,43,39941.07,127652.39,585,36,Yes
CUST04039,62,26735.18,32934.81,623,48,No
CUST04040,40,32713.4,44402.12,536,60,No
CUST04041,35,62815.53,54475.66,635,12,No
CUST04042,65,35239.86,97873.68,627,12,No
CUST04043,49,42814.34,97901.32,672,12,Yes
CUST04044,28,23569.52,54850.95,603,36,Yes
CUST04045,61,53324.2,61611.38,656,12,No
CUST04046,39,48053.82,117900.3,625,60,Yes
CUST04047,59,35311.65,98744.63,625,24,Yes
CUST04048,48,45023.67,70852.2,656,84,No
CUST04049,47,53163.78,154389.82,653,36,No
CUST04050,24,33972.59,52534.25,707,36,No
CUST04051,35,25227.3,69991.01,641,60,Yes
CUST04052,55,110471.02,66414.11,624,60,No
CUST04053,57,36865.35,79389.3,636,48,No
CUST04054,21,46932.14,159971.94,596,84,Yes
CUST04055,23,77255.85,266048.58,623,36,Yes
CUST04056,44,239923.36,322758.76,802,60,No
CUST04057,47,28000.6,51078.62,582,36,No
CUST04058,60,60019.35,41349.35,629,60,No
CUST04059,56,35653.46,111239.65,621,36,Yes
CUST04060,54,38466.55,84846.3,631,36,Yes
CUST04061,49,35450.92,58681.98,625,48,No
CUST04062,44,29538.66,24762.6,671,24,No
CUST04063,44,48118.35,160729.81,522,24,Yes
CUST04064,62,25247.28,52783.41,728,36,No
CUST04065,24,75061.53,101241.77,697,48,No
CUST04066,23,50249.27,77918.8,557,84,No
CUST04067,54,59284.06,77786.11,480,48,No
CUST04068,43,39744.04,91627.08,577,60,Yes
CUST04069,43,41554.38,136709.37,632,48,Yes
CUST04070,65,55793.0,171289.05,844,12,No
CUST04071,25,29032.68,54614.61,691,24,No
CUST04072,51,41727.03,124325.61,514,48,Yes
CUST04073,61,33295.38,58910.06,598,36,No
CUST04074,26,32834.79,41270.75,646,24,No
CUST04075,57,18969.22,65448.46,669,36,No
CUST04076,30,89562.95,126432.68,551,48,Yes
CUST04077,60,35992.2,52950.74,640,36,Yes
CUST04078,27,82745.03,287049.01,596,60,Yes
CUST04079,59,79297.08,71508.72,567,60,No
CUST04080,58,27482.37,76445.01,669,60,Yes
CUST04081,41,30037.89,99348.47,708,120,Yes
CUST04082,40,155162.2,315814.81,713,36,No
CUST04083,23,107787.47,54709.18,693,48,No
CUST04084,42,48330.43,78545.5,613,84,No
CUST04085,24,55040.13,45942.38,704,48,No
CUST04086,48,36905.62,64531.8,673,60,No
CUST04087,32,59549.23,170911.07,660,36,No
CUST04088,58,35499.3,64471.51,604,48,No
CUST04089,56,19642.3,35273.16,613,12,No
CUST04090,61,27046.15,58700.11,656,120,No
CUST04091,25,49488.31,111104.81,833,60,No
CUST04092,33,29466.81,90430.37,673,84,No
CUST04093,43,47558.94,67774.64,604,48,No
CUST04094,50,30224.33,89615.56,588,24,Yes
CUST04095,57,34473.31,75765.48,613,12,Yes
CUST04096,45,71964.22,100864.23,813,84,No
CUST04097,47,54795.66,75912.71,620,36,No
CUST04098,34,48808.07,77283.31,718,36,No
CUST04099,56,72804.55,172406.98,622,48,Yes
CUST04100,59,60856.5,72567.43,670,36,No
CUST04101,36,93990.92,306504.45,709,48,Yes
CUST04102,42,39857.4,88672.26,607,36,No
CUST04103,41,40403.2,131716.34,602,48,Yes
CUST04104,41,27296.15,17448.06,774,84,No
CUST04105,28,40415.1,61747.57,724,24,No
CUST04106,36,75670.71,43012.97,709,36,No
CUST04107,51,87991.4,115863.16,709,36,No
CUST04108,62,75518.83,233052.58,684,120,No
CUST04109,30,21864.37,13333.53,801,36,No
CUST04110,52,79810.9,144333.33,653,36,No
CUST04111,54,21432.56,18275.57,693,48,No
CUST04112,29,73434.77,128549.18,541,36,Yes
CUST04113,37,41543.53,125318.33,588,120,Yes
CUST04114,31,67247.83,159324.44,560,84,No
CUST04115,52,26913.9,72943.91,746,48,No
CUST04116,30,83035.66,128482.1,459,48,Yes
CUST04117,42,25355.76,84515.64,620,12,Yes
CUST04118,37,36286.29,95352.62,425,48,Yes
CUST04119,24,31283.85,55228.4,588,60,No
CUST04120,45,22260.56,39610.32,613,36,Yes
CUST04121,41,51151.0,166550.34,754,24,Yes
CUST04122,57,110496.61,246320.6,680,84,Yes
CUST04123,58,162772.26,426322.95,588,36,Yes
CUST04124,21,51211.54,89676.82,730,48,No
CUST04125,45,81024.48,94886.01,651,12,No
CUST04126,56,54417.58,145331.83,653,36,Yes
CUST04127,37,61359.02,142565.92,560,60,No
CUST04128,61,42025.55,84220.41,576,36,No
CUST04129,44,53518.6,126949.48,588,48,Yes
CUST04130,22,62434.01,70229.32,653,24,Yes
CUST04131,60,37785.97,108892.22,656,36,No
CUST04132,35,47340.79,158330.72,766,84,No
CUST04133,52,47748.67,151521.3,679,48,No
CUST04134,59,71102.76,104116.29,447,84,Yes
CUST04135,26,30341.92,52127.94,670,84,No
CUST04136,21,47896.9,140108.34,541,84,Yes
CUST04137,43,115890.66,264850.88,578,84,Yes
CUST04138,59,82770.51,177438.73,589,12,No
CUST04139,37,89960.91,295065.12,600,84,Yes
CUST04140,54,49562.73,104481.95,547,24,Yes
CUST04141,61,56638.76,115815.84,665,12,No
CUST04142,49,76957.32,48179.57,544,12,No
CUST04143,29,98924.77,70063.55,677,36,No
CUST04144,33,20369.19,10638.03,818,48,No
CUST04145,26,27120.67,87863.72,550,36,Yes
CUST04146,26,88366.64,152446.59,629,12,No
CUST04147,40,43278.0,82474.2,461,36,Yes
CUST04148,23,36233.0,110009.22,627,36,Yes
CUST04149,37,27878.96,64894.94,698,60,No
CUST04150,32,38186.7,88917.91,704,36,No
CUST04151,65,26080.26,36241.22,656,24,No
CUST04152,21,125616.94,377067.52,717,36,No
CUST04153,37,48528.37,48406.56,841,36,No
CUST04154,23,47758.97,31494.59,778,48,No
CUST04155,46,63871.88,68650.14,611,36,No
CUST04156,35,75588.19,98507.41,541,36,No
CUST04157,56,75030.48,101061.04,620,36,Yes
CUST04158,52,79469.6,199591.14,579,36,Yes
CUST04159,52,36905.63,42569.68,684,120,No
CUST04160,24,42871.39,108463.54,561,24,No
CUST04161,38,69290.58,53589.09,645,60,No
CUST04162,39,38664.41,36406.69,713,60,No
CUST04163,63,48908.28,99110.89,642,12,Yes
CUST04164,55,58655.91,191551.87,579,120,Yes
CUST04165,60,69796.09,214881.42,738,60,No
CUST04166,34,22027.43,75031.16,509,48,Yes
CUST04167,53,67618.41,165762.29,625,36,Yes
CUST04168,34,44126.87,111528.22,647,48,No
CUST04169,54,67397.01,160072.55,651,36,No
CUST04170,24,69537.35,164696.21,664,12,Yes
CUST04171,44,101069.31,95142.71,696,60,No
CUST04172,49,90134.13,192095.38,647,84,No
CUST04173,39,89855.42,148998.6,622,24,No
CUST04174,26,93868.64,171555.42,619,60,No
CUST04175,53,55888.87,115734.77,604,60,No
CUST04176,60,49735.95,44025.69,709,24,No
CUST04177,39,72603.45,114601.87,602,36,Yes
CUST04178,21,68147.95,47045.85,714,36,No
CUST04179,25,42655.87,146693.72,651,60,No
CUST04180,47,58816.08,50322.1,611,60,No
CUST04181,36,48252.68,61549.87,696,12,No
CUST04182,26,33380.6,105945.98,595,48,Yes
CUST04183,60,87614.99,170685.4,698,60,No
CUST04184,33,50253.71,45575.67,666,60,No
CUST04185,55,123243.67,203683.78,605,24,No
CUST04186,39,23588.83,19993.99,690,48,No
CUST04187,32,38156.43,41996.8,691,84,No
CUST04188,36,49746.11,32637.9,737,36,No
CUST04189,63,81782.74,148409.71,722,36,No
CUST04190,30,58674.54,171324.28,687,60,No
CUST04191,45,56371.15,127280.84,565,12,No
CUST04192,40,29517.28,68451.63,834,84,No
CUST04193,51,29125.7,32089.3,545,36,Yes
CUST04194,24,56677.19,86811.41,721,12,No
CUST04195,64,26533.21,80547.56,682,24,No
CUST04196,43,38586.39,29463.35,562,12,Yes
CUST04197,22,61415.21,188777.58,641,12,No
CUST04198,42,31506.66,61471.7,644,48,No
CUST04199,57,100952.98,304014.07,748,24,No
CUST04200,28,85031.02,123636.74,597,84,No
CUST04201,27,24169.84,36654.26,630,48,No
CUST04202,34,32222.91,88768.14,475,36,Yes
CUST04203,23,17525.29,50034.5,780,36,Yes
CUST04204,36,34469.63,40982.12,570,48,Yes
CUST04205,39,69208.21,236596.15,675,36,Yes
CUST04206,38,40690.39,30659.0,642,24,No
CUST04207,36,60316.37,42553.74,643,84,No
CUST04208,28,24709.66,56498.95,711,36,No
CUST04209,53,70198.97,187306.46,775,12,No
CUST04210,32,38185.11,129167.18,669,48,Yes
CUST04211,31,49289.99,84524.32,699,48,No
CUST04212,25,47014.27,27074.31,675,36,No
CUST04213,47,27661.68,63862.22,726,60,No
CUST04214,32,29176.3,39944.92,615,48,No
CUST04215,37,75773.77,136304.99,731,48,No
CUST04216,26,58661.94,115294.67,733,36,No
CUST04217,53,78631.06,54533.61,731,120,Yes
CUST04218,25,56732.14,111078.43,600,36,No
CUST04219,48,52278.78,93001.81,637,48,No
CUST04220,34,22545.6,59467.01,668,36,Yes
CUST04221,25,43405.22,105778.42,547,60,Yes
CUST04222,53,48420.43,51114.89,770,12,No
CUST04223,61,118054.1,132033.68,649,12,No
CUST04224,39,66778.1,83674.2,671,60,No
CUST04225,42,97853.58,101459.61,607,36,No
CUST04226,25,64144.39,158541.81,550,36,Yes
CUST04227,22,35593.33,123981.91,605,48,Yes
CUST04228,50,51673.79,126927.62,666,60,Yes
CUST04229,59,54518.79,126486.03,701,24,No
CUST04230,24,32124.68,55568.75,662,24,No
CUST04231,53,41234.3,59284.23,676,120,No
CUST04232,33,44685.52,144478.17,625,48,No
CUST04233,40,100964.97,343988.22,687,36,Yes
CUST04234,27,19219.23,38252.58,761,60,Yes
CUST04235,35,84340.57,115597.31,703,48,Yes
CUST04236,43,32158.82,90378.07,711,24,No
CUST04237,34,26438.18,23724.84,672,24,No
CUST04238,43,83364.18,233150.0,537,36,Yes
CUST04239,39,68142.35,201486.38,572,84,Yes
CUST04240,49,86209.31,75408.3,684,12,No
CUST04241,40,70285.15,241119.14,649,24,Yes
CUST04242,49,123862.86,428136.54,683,84,Yes
CUST04243,44,63033.76,208651.73,776,24,No
CUST04244,38,45687.74,90832.0,704,48,No
CUST04245,30,57200.44,70826.87,744,24,No
CUST04246,61,85781.71,192668.11,657,48,No
CUST04247,28,34519.55,60747.56,589,36,Yes
CUST04248,46,36557.81,40866.0,646,24,No
CUST04249,49,42657.91,75548.41,590,48,No
CUST04250,30,19014.13,47376.93,767,48,Yes
CUST04251,37,52163.34,37178.9,709,48,No
CUST04252,22,20978.26,31472.72,689,48,No
CUST04253,26,50205.34,27782.87,743,48,No
CUST04254,25,72357.93,198874.79,498,48,Yes
CUST04255,48,39553.35,95801.13,694,48,No
CUST04256,61,104266.16,71736.83,552,48,No
CUST04257,25,25406.86,86236.29,649,48,No
CUST04258,38,83789.86,47581.3,627,48,No
CUST04259,46,66423.86,150774.32,700,24,No
CUST04260,40,22647.05,64070.82,667,24,Yes
CUST04261,61,166018.99,475426.75,751,36,No
CUST04262,47,47634.6,28716.78,605,84,No
CUST04263,32,33028.7,106327.49,703,60,Yes
CUST04264,27,26024.94,84720.42,662,48,No
CUST04265,23,44399.87,96976.91,527,36,Yes
CUST04266,30,46289.34,90090.61,581,24,No
CUST04267,54,51338.2,32579.34,639,84,No
CUST04268,45,42872.75,93713.93,733,84,No
CUST04269,55,65182.83,112644.88,685,24,Yes
CUST04270,36,41174.18,116046.1,562,60,Yes
CUST04271,22,20522.27,35126.96,639,36,No
CUST04272,44,45834.27,116911.42,801,36,No
CUST04273,30,16892.67,13585.5,658,60,No
CUST04274,58,57480.26,51666.52,625,48,No
CUST04275,42,31549.56,28998.17,687,60,No
CUST04276,46,52760.19,33585.9,707,12,No
CUST04277,63,88550.98,188081.09,616,36,Yes
CUST04278,59,31986.3,92181.42,688,36,No
CUST04279,47,79028.62,184234.18,625,36,Yes
CUST04280,49,40334.99,89739.89,704,48,No
CUST04281,58,107897.57,274261.79,663,36,No
CUST04282,40,41592.76,63176.74,686,36,Yes
CUST04283,47,33583.1,53258.17,593,36,No
CUST04284,61,66786.57,96360.35,588,60,No
CUST04285,40,40291.45,106221.43,721,48,No
CUST04286,64,33568.64,33062.46,644,48,No
CUST04287,39,39536.2,21313.01,671,24,No
CUST04288,40,48046.62,109958.98,627,36,Yes
CUST04289,55,89678.03,298371.73,717,12,No
CUST04290,22,20530.37,47799.3,604,24,No
CUST04291,50,49532.6,141106.74,640,36,Yes
CUST04292,54,64939.19,163541.05,709,12,Yes
CUST04293,42,53479.4,106547.54,738,48,No
CUST04294,23,88383.39,234673.56,611,120,No
CUST04295,26,47407.92,140911.15,797,24,No
CUST04296,35,45114.18,52972.84,673,60,No
CUST04297,47,63994.24,96528.36,572,24,No
CUST04298,30,51261.29,60036.05,678,48,No
CUST04299,29,41122.72,76345.11,621,48,No
CUST04300,53,61837.47,195109.19,683,84,Yes
CUST04301,52,36547.29,56122.8,647,24,No
CUST04302,26,37233.73,60445.26,656,36,No
CUST04303,61,38653.89,119096.57,582,12,Yes
CUST04304,56,90118.53,184393.6,724,36,No
CUST04305,22,15000.0,31595.2,563,84,Yes
CUST04306,49,58572.44,180543.9,567,60,Yes
CUST04307,24,49782.68,98150.55,678,60,No
CUST04308,21,23008.25,58548.46,770,48,No
CUST04309,39,56352.23,42654.92,624,84,No
CUST04310,46,60723.64,62903.32,703,36,No
CUST04311,45,63916.81,109497.72,731,24,No
CUST04312,30,15000.0,29767.76,711,60,No
CUST04313,35,90660.34,307991.41,627,36,Yes
CUST04314,42,35172.45,120006.81,568,12,Yes
CUST04315,41,66766.42,203877.36,484,24,Yes
CUST04316,42,68424.29,98996.02,630,48,No
CUST04317,56,33040.4,112075.84,738,48,No
CUST04318,54,65986.6,169455.08,566,36,Yes
CUST04319,50,41213.78,69190.53,703,60,Yes
CUST04320,45,19300.38,50277.97,579,60,Yes
CUST04321,65,82907.75,45563.46,658,84,No
CUST04322,48,34586.88,32458.54,703,48,No
CUST04323,21,33372.18,99751.35,601,60,Yes
CUST04324,65,40889.16,99635.47,663,60,Yes
CUST04325,24,55409.51,88244.3,619,36,No
CUST04326,27,47773.59,95642.72,703,36,No
CUST04327,29,62732.2,201710.78,668,36,Yes
CUST04328,56,26828.76,64247.75,654,12,No
CUST04329,39,35098.94,59473.32,767,36,No
CUST04330,21,46527.62,40059.35,700,36,No
CUST04331,30,115156.72,159059.11,598,24,No
CUST04332,56,46573.38,159980.52,644,24,Yes
CUST04333,29,79885.53,144759.71,644,36,Yes
CUST04334,65,49878.72,95543.61,656,60,Yes
CUST04335,62,39432.81,78699.77,839,60,No
CUST04336,52,43869.47,138290.26,678,48,Yes
CUST04337,52,45442.87,105054.14,497,36,Yes
CUST04338,26,64320.94,166014.35,609,36,Yes
CUST04339,58,90996.39,151803.87,505,24,Yes
CUST04340,37,57633.33,33845.91,625,24,No
CUST04341,30,83632.29,275394.34,501,60,Yes
CUST04342,47,31756.24,106300.3,585,36,Yes
CUST04343,55,40676.93,136164.36,536,60,Yes
CUST04344,41,35385.73,117872.03,679,60,Yes
CUST04345,45,56471.99,166351.0,650,24,No
CUST04346,48,41708.85,106515.57,673,48,No
CUST04347,35,68077.21,206514.24,642,36,Yes
CUST04348,24,32242.77,74211.21,545,36,Yes
CUST04349,49,49979.29,45136.74,689,48,No
CUST04350,29,66775.14,111758.51,794,120,No
CUST04351,47,19353.21,66069.63,681,60,No
CUST04352,46,127355.04,197835.03,618,84,Yes
CUST04353,39,43156.21,133934.6,543,12,Yes
CUST04354,48,19707.06,15364.3,582,24,No
CUST04355,37,52635.3,79087.25,684,12,No
CUST04356,63,49764.12,77276.71,730,36,Yes
CUST04357,61,47247.15,30937.79,670,36,No
CUST04358,62,76575.77,65647.11,710,48,No
CUST04359,40,68620.75,74075.8,703,48,No
CUST04360,65,56052.51,168911.26,688,84,Yes
CUST04361,60,60028.22,41431.84,601,84,No
CUST04362,59,46771.94,65298.43,663,24,No
CUST04363,43,108985.58,57819.58,586,84,Yes
CUST04364,52,25194.02,65173.99,651,36,Yes
CUST04365,53,52200.29,123240.15,675,36,Yes
CUST04366,25,50476.4,122907.35,776,60,No
CUST04367,63,70684.12,114730.81,552,12,Yes
CUST04368,54,33532.34,37717.29,686,84,No
CUST04369,60,22367.12,59518.03,761,48,No
CUST04370,31,52605.21,154309.68,707,84,Yes
CUST04371,23,55634.22,50950.07,712,120,No
CUST04372,53,95828.91,187871.46,694,48,No
CUST04373,31,27676.45,34488.93,747,12,No
CUST04374,36,82422.37,82778.48,568,24,Yes
CUST04375,38,142249.3,384496.44,546,36,No
CUST04376,50,41357.37,87441.51,650,24,Yes
CUST04377,30,27421.32,31494.92,488,60,No
CUST04378,38,40817.31,58368.75,742,36,No
CUST04379,58,49330.72,167722.52,742,120,No
CUST04380,39,63177.57,192441.32,617,60,No
CUST04381,56,37566.67,117953.34,622,24,Yes
CUST04382,33,98699.91,185559.41,645,36,Yes
CUST04383,23,29686.88,70400.11,654,36,Yes
CUST04384,30,22412.13,36538.57,660,36,No
CUST04385,58,80661.74,59136.02,692,48,No
CUST04386,21,17613.49,29999.44,637,12,No
CUST04387,47,44718.46,102044.94,721,48,Yes
CUST04388,28,199377.74,271439.4,683,36,No
CUST04389,62,48755.85,148405.58,604,60,Yes
CUST04390,37,29603.7,28221.22,750,60,No
CUST04391,29,47770.86,76499.65,548,24,No
CUST04392,26,47912.88,41909.96,643,12,No
CUST04393,63,52695.88,90346.9,723,60,No
CUST04394,45,66040.16,40877.8,596,120,No
CUST04395,59,30711.73,40467.26,673,36,No
CUST04396,48,104756.79,178317.61,691,36,Yes
CUST04397,53,54737.34,105889.17,585,24,No
CUST04398,57,67986.02,144884.26,645,36,No
CUST04399,29,36950.44,48958.35,638,36,No
CUST04400,38,87454.33,180953.85,609,36,No
CUST04401,41,43666.06,88511.71,823,48,No
CUST04402,22,55542.21,80454.79,593,36,No
CUST04403,63,32212.26,96334.02,725,12,Yes
CUST04404,58,31300.23,66886.19,621,36,No
CUST04405,60,66815.63,100010.25,569,84,Yes
CUST04406,56,40149.97,134181.82,658,36,Yes
CUST04407,63,33382.25,101326.39,699,120,Yes
CUST04408,57,36701.3,126537.4,719,48,No
CUST04409,35,67139.57,172998.64,767,36,No
CUST04410,48,36935.67,60377.58,850,24,No
CUST04411,38,46492.92,62420.56,669,48,No
CUST04412,54,49353.43,122887.75,600,48,Yes
CUST04413,42,20685.6,71209.14,684,48,Yes
CUST04414,31,25285.67,60183.57,630,60,No
CUST04415,33,57029.56,179349.12,719,60,No
CUST04416,24,35183.65,52329.0,553,12,No
CUST04417,42,78867.63,135720.26,828,60,No
CUST04418,27,75740.11,243794.21,714,48,Yes
CUST04419,63,67753.13,187716.83,524,36,No
CUST04420,44,111179.06,382926.36,597,48,No
CUST04421,24,47221.75,133368.04,711,48,Yes
CUST04422,48,65643.7,121148.54,738,24,No
CUST04423,35,37685.08,78882.56,555,36,Yes
CUST04424,21,147792.78,473165.45,703,36,Yes
CUST04425,23,119686.98,257918.29,504,36,No
CUST04426,34,49283.58,62402.48,643,12,Yes
CUST04427,58,58335.37,105403.81,733,24,No
CUST04428,21,90371.47,185166.44,609,24,Yes
CUST04429,58,45880.12,36252.61,537,36,No
CUST04430,58,36479.99,99637.36,661,84,No
CUST04431,41,72641.77,60151.87,605,24,No
CUST04432,49,50782.02,87078.63,697,36,No
CUST04433,25,53228.41,155100.52,584,36,No
CUST04434,30,33677.25,64078.08,592,60,No
CUST04435,48,22630.36,68480.52,498,12,Yes
CUST04436,41,54516.79,83173.21,663,24,No
CUST04437,27,73661.31,248452.89,638,24,Yes
CUST04438,23,44284.37,49970.72,561,120,No
CUST04439,65,93563.28,57522.0,665,48,No
CUST04440,40,35711.84,111323.79,727,24,Yes
CUST04441,39,30496.98,84068.22,634,36,No
CUST04442,55,47559.95,56879.39,670,24,Yes
CUST04443,24,47232.3,163150.98,670,24,Yes
CUST04444,25,69319.8,139113.77,560,60,Yes
CUST04445,21,34588.16,115980.89,804,36,No
CUST04446,24,90729.92,182828.62,615,48,Yes
CUST04447,32,118790.01,227556.97,699,36,No
CUST04448,47,48164.87,88980.53,708,48,No
CUST04449,62,86022.97,129432.38,640,36,No
CUST04450,43,30472.39,64025.68,696,36,No
CUST04451,45,79526.83,147734.13,668,48,No
CUST04452,41,78533.01,47924.03,544,24,Yes
CUST04453,44,72297.64,92635.38,625,48,No
CUST04454,45,48678.69,55462.96,604,84,No
CUST04455,65,15000.0,46534.6,615,24,Yes
CUST04456,52,36725.36,84343.83,552,84,No
CUST04457,52,36987.59,103234.19,734,12,No
CUST04458,25,31564.4,106387.12,770,36,Yes
CUST04459,56,51792.95,125966.56,723,48,No
CUST04460,62,40597.69,139973.93,745,48,No
CUST04461,62,33823.96,48547.26,624,12,Yes
CUST04462,59,30440.83,32230.8,602,60,Yes
CUST04463,36,35525.97,60746.91,592,120,No
CUST04464,53,81200.33,155287.37,698,24,Yes
CUST04465,41,36407.81,115998.36,667,84,Yes
CUST04466,29,38881.65,84755.05,644,48,Yes
CUST04467,26,39914.15,54943.54,747,84,No
CUST04468,65,57099.3,155761.34,680,24,No
CUST04469,55,60193.06,121439.25,587,60,Yes
CUST04470,59,15000.0,14795.94,599,12,No
CUST04471,42,77632.07,173155.18,701,84,No
CUST04472,61,93560.69,302592.45,728,48,No
CUST04473,25,30559.05,92528.77,691,36,No
CUST04474,62,31649.13,71540.64,792,24,No
CUST04475,43,40030.06,65299.02,773,60,No
CUST04476,37,34884.51,26544.89,683,48,Yes
CUST04477,32,54217.94,103499.16,587,36,No
CUST04478,43,20415.78,56270.76,552,36,Yes
CUST04479,36,29641.56,46858.01,621,60,No
CUST04480,23,97991.77,118211.44,706,36,No
CUST04481,50,32283.16,106345.22,787,12,No
CUST04482,42,85780.13,254309.53,681,84,Yes
CUST04483,29,57520.82,138902.82,738,36,No
CUST04484,49,21716.54,19769.65,632,36,No
CUST04485,57,65244.57,60985.83,697,24,No
CUST04486,43,46492.66,37643.19,712,84,No
CUST04487,33,39936.25,93805.86,502,24,Yes
CUST04488,52,54733.47,46342.19,619,48,No
CUST04489,43,60693.09,183771.49,721,84,No
CUST04490,65,67401.08,234481.28,671,12,Yes
CUST04491,37,83300.83,133201.74,560,60,Yes
CUST04492,60,58903.82,109620.57,468,36,Yes
CUST04493,41,26395.92,69553.29,623,48,No
CUST04494,22,39610.9,131169.87,645,36,Yes
CUST04495,57,184309.51,586524.71,584,48,Yes
CUST04496,26,67915.6,45691.95,661,36,No
CUST04497,64,142369.25,143396.5,688,12,No
CUST04498,38,91853.05,253862.69,700,84,Yes
CUST04499,50,54655.82,140283.96,473,12,Yes
CUST04500,42,56141.65,50508.16,551,60,Yes
CUST04501,53,48220.47,96739.61,627,24,Yes
CUST04502,50,22426.26,63745.39,693,36,No
CUST04503,37,49420.53,57147.04,687,60,No
CUST04504,63,84525.08,263199.51,685,24,No
CUST04505,52,37427.54,24661.58,621,84,No
CUST04506,62,59005.08,167962.99,625,36,No
CUST04507,34,71913.26,168813.26,595,36,Yes
CUST04508,30,32553.62,47059.45,708,48,Yes
CUST04509,56,40011.16,106541.62,581,36,Yes
CUST04510,54,31006.12,88277.44,714,36,No
CUST04511,29,33861.21,111799.45,666,60,Yes
CUST04512,62,27462.52,44031.32,647,36,No
CUST04513,48,32689.14,83620.46,601,24,Yes
CUST04514,31,92851.35,214286.88,548,60,Yes
CUST04515,34,32468.81,67392.85,601,60,No
CUST04516,59,51891.31,164560.29,625,36,Yes
CUST04517,39,39093.4,19918.16,472,48,Yes
CUST04518,35,83323.81,112181.75,635,48,No
CUST04519,48,88434.99,187025.12,719,48,No
CUST04520,44,72318.23,74840.67,693,36,No
CUST04521,28,56261.21,181363.61,613,120,Yes
CUST04522,63,44179.81,107921.79,654,24,Yes
CUST04523,29,28671.43,55440.48,608,48,No
CUST04524,53,117546.35,346068.83,661,84,No
CUST04525,53,34826.96,64522.47,766,48,No
CUST04526,39,66081.29,143790.18,723,84,No
CUST04527,23,78968.51,40135.98,689,36,No
CUST04528,30,38182.16,60980.79,613,36,Yes
CUST04529,60,78206.31,71666.03,706,84,No
CUST04530,62,69140.5,177626.51,523,36,Yes
CUST04531,21,106679.44,206646.7,631,60,No
CUST04532,49,39687.6,55771.9,694,24,No
CUST04533,54,27484.05,52315.81,706,60,No
CUST04534,33,39047.32,44080.12,700,48,No
CUST04535,21,53851.42,176377.4,672,36,Yes
CUST04536,54,50321.9,33308.97,635,36,No
CUST04537,49,41066.7,127152.82,690,48,Yes
CUST04538,33,20761.62,42230.72,579,12,No
CUST04539,49,60579.83,142776.94,587,48,Yes
CUST04540,59,119080.5,167643.54,655,48,No
CUST04541,44,60410.19,205400.26,663,24,Yes
CUST04542,46,64480.04,86761.3,513,60,No
CUST04543,37,63424.18,143759.4,684,36,No
CUST04544,27,58610.61,203979.58,708,36,No
CUST04545,33,74551.82,234337.48,644,36,No
CUST04546,25,58566.5,123516.13,828,48,No
CUST04547,46,42586.61,147823.39,599,84,No
CUST04548,23,34262.44,89223.15,623,24,Yes
CUST04549,27,43825.09,49351.49,620,36,No
CUST04550,59,56463.98,96936.72,644,12,No
CUST04551,21,42521.4,63930.07,625,60,No
CUST04552,37,56469.3,86513.29,544,36,No
CUST04553,63,59731.66,166135.81,609,60,Yes
CUST04554,45,71319.91,160668.69,643,36,Yes
CUST04555,23,87313.27,53634.63,742,60,No
CUST04556,35,50772.15,159035.91,815,48,Yes
CUST04557,49,27214.37,37838.54,750,84,No
CUST04558,63,41969.7,146525.65,592,12,Yes
CUST04559,52,50002.49,168136.98,598,48,No
CUST04560,46,21459.1,71278.38,638,60,Yes
CUST04561,36,91573.67,268620.63,784,48,No
CUST04562,45,52264.37,60722.84,638,12,Yes
CUST04563,48,58198.15,122093.8,550,120,Yes
CUST04564,29,90625.14,106294.94,612,36,No
CUST04565,21,36917.31,47218.21,707,24,No
CUST04566,49,63469.76,148065.77,702,36,Yes
CUST04567,42,46656.2,29043.51,635,48,No
CUST04568,36,45123.61,153798.22,701,60,Yes
CUST04569,61,34631.31,112760.22,480,36,Yes
CUST04570,64,103727.39,170351.77,658,36,No
CUST04571,61,41399.54,84714.53,715,48,No
CUST04572,27,67155.02,127484.29,588,36,Yes
CUST04573,34,21083.51,66341.36,587,84,Yes
CUST04574,49,83365.92,213900.75,510,84,Yes
CUST04575,39,78707.6,105022.21,769,36,No
CUST04576,39,51217.95,94267.85,596,12,Yes
CUST04577,22,44261.74,79091.21,668,84,Yes
CUST04578,61,58688.55,198250.24,695,24,Yes
CUST04579,65,137304.42,140865.1,763,24,Yes
CUST04580,35,22171.07,17043.54,638,24,No
CUST04581,23,69696.98,218977.91,610,24,Yes
CUST04582,31,32525.26,103757.46,663,60,Yes
CUST04583,50,48583.38,151347.78,746,48,No
CUST04584,60,43846.67,89137.24,637,120,Yes
CUST04585,38,40427.15,100228.34,578,24,Yes
CUST04586,22,48790.49,106855.52,534,36,Yes
CUST04587,52,29425.68,20843.49,558,120,No
CUST04588,28,77896.1,178187.69,715,60,No
CUST04589,42,21864.85,11825.44,626,60,No
CUST04590,26,62498.26,92182.57,604,24,Yes
CUST04591,32,42321.85,139529.96,596,60,Yes
CUST04592,60,28943.0,40871.45,656,36,No
CUST04593,56,53694.86,178239.01,632,48,No
CUST04594,35,24327.73,30419.44,630,48,No
CUST04595,48,49904.74,72046.81,751,48,No
CUST04596,65,25840.68,61635.77,765,60,No
CUST04597,38,60329.26,168009.8,529,48,Yes
CUST04598,22,32339.32,64813.28,675,12,No
CUST04599,33,40016.72,125906.49,592,36,Yes
CUST04600,65,55953.55,34731.56,631,48,No
CUST04601,35,34625.86,113108.3,673,36,No
CUST04602,40,47758.68,52005.54,634,36,No
CUST04603,49,24804.4,78201.23,667,24,No
CUST04604,62,65113.95,110862.33,700,36,No
CUST04605,49,108468.08,325216.72,672,120,No
CUST04606,23,172214.14,433117.99,601,36,No
CUST04607,39,51073.74,52494.86,603,48,No
CUST04608,23,69890.98,227435.22,542,60,Yes
CUST04609,34,21998.26,27202.0,586,12,No
CUST04610,60,96397.01,118801.64,797,84,No
CUST04611,24,69515.35,204551.47,591,36,Yes
CUST04612,31,39427.94,32237.06,560,84,Yes
CUST04613,51,85539.31,99748.05,674,12,No
CUST04614,63,43716.71,87915.73,642,24,No
CUST04615,52,39890.31,119329.11,635,36,No
CUST04616,47,60712.25,57218.38,756,36,No
CUST04617,50,30378.5,65101.27,691,60,No
CUST04618,63,77631.7,204460.3,610,12,No
CUST04619,22,30479.35,93930.82,618,48,No
CUST04620,29,30560.86,101055.49,612,24,Yes
CUST04621,48,32553.48,92905.02,716,60,Yes
CUST04622,51,68994.01,169620.75,627,60,No
CUST04623,54,37140.05,66884.04,516,36,Yes
CUST04624,35,26726.26,22351.99,646,24,No
CUST04625,45,37325.95,98137.82,535,48,Yes
CUST04626,56,48319.04,168063.86,814,24,No
CUST04627,28,28812.44,78089.83,578,24,Yes
CUST04628,29,29194.73,16060.99,638,48,No
CUST04629,57,126764.12,252105.94,669,120,No
CUST04630,65,33281.12,78008.94,628,84,Yes
CUST04631,59,42388.44,108896.86,628,48,No
CUST04632,52,41553.76,110498.82,682,48,No
CUST04633,37,40553.99,88177.57,764,120,No
CUST04634,55,64835.34,75862.6,708,48,No
CUST04635,57,75106.65,249849.93,761,36,No
CUST04636,39,42715.64,110633.48,572,84,Yes
CUST04637,64,28101.68,34017.65,674,24,No
CUST04638,49,86985.62,127604.9,662,12,No
CUST04639,27,46962.12,153368.09,676,48,No
CUST04640,48,106792.7,337727.17,753,12,No
CUST04641,29,17845.14,30612.25,633,36,No
CUST04642,48,53526.46,32914.58,620,36,No
CUST04643,26,116235.41,75029.04,690,48,No
CUST04644,49,41815.87,56524.81,517,120,No
CUST04645,37,44290.61,105737.93,632,24,Yes
CUST04646,36,55992.9,126128.71,640,36,No
CUST04647,43,38121.81,91548.89,581,24,No
CUST04648,51,42598.22,112964.04,729,48,Yes
CUST04649,23,42107.59,23458.0,570,60,No
CUST04650,41,36962.56,30133.98,640,36,No
CUST04651,46,85219.49,134514.73,672,24,Yes
CUST04652,56,60323.99,58187.31,752,48,No
CUST04653,62,54873.33,39835.85,649,48,No
CUST04654,57,70534.48,170897.51,720,24,No
CUST04655,42,43522.79,128218.55,703,36,No
CUST04656,62,34599.98,95422.59,659,36,Yes
CUST04657,32,37377.31,110304.9,568,120,Yes
CUST04658,62,49060.15,122531.14,542,60,Yes
CUST04659,33,30435.19,82358.72,658,60,No
CUST04660,31,39139.31,51481.36,609,84,No
CUST04661,36,38861.04,135198.5,719,60,Yes
CUST04662,28,127522.78,133834.77,706,84,No
CUST04663,60,15000.0,17152.22,636,12,No
CUST04664,60,45214.41,61797.5,563,36,Yes
CUST04665,65,106570.52,365110.31,688,60,Yes
CUST04666,22,51783.66,179423.43,574,48,Yes
CUST04667,50,68805.42,198481.7,593,24,Yes
CUST04668,50,51273.12,122397.8,577,36,Yes
CUST04669,32,36304.61,74794.31,640,36,No
CUST04670,30,17874.63,60985.78,738,36,Yes
CUST04671,64,53769.14,139093.69,650,36,Yes
CUST04672,31,34578.14,115290.1,617,48,Yes
CUST04673,35,34195.49,49571.57,536,84,No
CUST04674,36,39161.75,58794.49,691,60,No
CUST04675,37,107493.71,329379.41,591,60,No
CUST04676,46,144665.13,137368.91,659,84,No
CUST04677,22,54054.26,180421.42,623,36,Yes
CUST04678,32,39769.47,80430.69,713,36,Yes
CUST04679,46,28861.05,94642.36,638,12,Yes
CUST04680,43,60526.89,91418.51,646,84,No
CUST04681,38,109349.84,289544.89,686,12,Yes
CUST04682,52,43857.32,85461.49,808,60,No
CUST04683,58,16805.34,40003.61,717,36,Yes
CUST04684,23,66271.97,133413.26,643,84,Yes
CUST04685,58,76376.46,259782.83,650,36,No
CUST04686,23,24013.45,61866.24,611,60,Yes
CUST04687,50,53072.7,66550.88,579,36,No
CUST04688,21,60057.14,193926.35,609,36,Yes
CUST04689,50,47434.34,65558.49,592,48,No
CUST04690,65,34342.99,55457.59,699,120,No
CUST04691,52,77433.27,62439.95,570,48,No
CUST04692,48,40883.39,130822.74,750,84,No
CUST04693,41,25126.2,34129.82,706,60,No
CUST04694,33,19491.55,24885.89,652,60,No
CUST04695,47,86455.26,281912.26,650,36,No
CUST04696,56,64698.86,188699.44,608,36,No
CUST04697,27,51000.37,47085.42,670,24,No
CUST04698,42,40210.22,112909.23,732,120,Yes
CUST04699,30,38636.42,125147.2,597,120,Yes
CUST04700,59,30209.7,22220.25,535,60,Yes
CUST04701,35,40370.11,120127.12,703,36,Yes
CUST04702,35,18881.93,40450.01,674,24,No
CUST04703,24,35198.94,88264.59,566,120,Yes
CUST04704,52,42619.97,84326.3,595,12,No
CUST04705,43,64501.65,167279.18,586,60,Yes
CUST04706,26,48147.91,28999.18,596,36,No
CUST04707,44,70102.62,195454.53,626,36,No
CUST04708,40,89959.14,53978.28,630,60,No
CUST04709,57,78918.94,147254.81,601,12,No
CUST04710,40,60580.57,57726.92,593,36,No
CUST04711,32,49283.18,146406.67,633,120,No
CUST04712,53,31528.44,45431.94,663,48,No
CUST04713,48,68389.52,127360.48,626,60,No
CUST04714,28,104389.7,186466.33,737,60,No
CUST04715,21,57179.33,161103.1,688,12,Yes
CUST04716,57,116164.97,225758.85,531,24,Yes
CUST04717,42,24673.69,70736.39,689,36,No
CUST04718,26,29162.14,21012.05,695,36,No
CUST04719,41,72030.19,77416.74,617,36,No
CUST04720,52,55211.72,118959.32,538,60,Yes
CUST04721,55,88539.32,295833.33,651,12,Yes
CUST04722,35,48680.69,35258.14,649,48,No
CUST04723,25,33170.33,20872.52,566,12,No
CUST04724,26,44528.43,43177.08,541,12,Yes
CUST04725,45,24594.85,59604.62,643,36,No
CUST04726,60,29499.67,50060.31,633,60,Yes
CUST04727,49,75932.48,226024.96,619,24,Yes
CUST04728,27,72602.48,51968.82,644,48,No
CUST04729,60,57719.59,62870.62,567,48,Yes
CUST04730,33,22595.7,31635.77,617,24,No
CUST04731,58,41719.27,99299.8,690,48,Yes
CUST04732,38,28247.21,72186.26,624,84,Yes
CUST04733,22,83236.39,72632.9,525,48,Yes
CUST04734,28,37696.59,125582.95,615,24,No
CUST04735,31,30073.92,45806.56,570,48,Yes
CUST04736,53,49682.51,131137.3,670,48,Yes
CUST04737,58,36751.36,76171.72,674,12,No
CUST04738,47,95576.74,111659.85,526,12,No
CUST04739,40,35218.79,107018.81,707,24,No
CUST04740,32,26117.15,77168.71,567,24,No
CUST04741,63,18605.06,31409.35,767,36,No
CUST04742,51,48346.35,109544.26,646,36,No
CUST04743,47,38068.08,48478.83,557,36,No
CUST04744,52,25770.69,66219.2,564,84,No
CUST04745,30,83713.2,119465.47,676,48,No
CUST04746,23,66188.39,200698.83,621,84,No
CUST04747,65,48402.27,55766.93,643,48,No
CUST04748,47,90576.2,49310.61,771,12,No
CUST04749,55,66048.28,86227.62,598,36,No
CUST04750,51,33850.7,36327.13,654,60,No
CUST04751,35,30710.22,62183.88,756,24,No
CUST04752,36,70833.81,78704.15,670,12,No
CUST04753,33,58592.68,163448.36,530,36,Yes
CUST04754,55,52912.06,64770.28,688,36,No
CUST04755,31,33492.47,87780.57,563,36,Yes
CUST04756,41,64445.58,144062.47,756,24,No
CUST04757,31,34892.44,120684.21,588,36,No
CUST04758,50,46821.89,163862.71,850,48,No
CUST04759,55,94007.03,292228.21,760,36,Yes
CUST04760,42,36410.94,101220.6,590,48,Yes
CUST04761,58,24152.78,40078.38,652,48,Yes
CUST04762,51,30526.6,84248.23,707,48,Yes
CUST04763,34,76682.93,258423.51,709,24,No
CUST04764,44,54974.74,31342.9,683,48,No
CUST04765,52,46258.72,97779.1,744,12,No
CUST04766,56,38984.05,44987.4,641,36,No
CUST04767,52,60986.75,132562.57,622,48,No
CUST04768,35,33453.2,63539.04,624,24,Yes
CUST04769,63,56249.34,125284.48,714,36,Yes
CUST04770,55,35275.2,75943.51,677,24,No
CUST04771,23,32730.19,110638.55,672,12,Yes
CUST04772,36,36795.49,79351.62,710,36,No
CUST04773,25,41401.26,125805.85,496,120,Yes
CUST04774,41,47955.39,69989.01,673,36,No
CUST04775,30,54499.95,98879.37,666,36,No
CUST04776,39,15000.0,28668.61,775,48,No
CUST04777,45,34083.11,45541.31,535,48,Yes
CUST04778,24,41101.24,67380.17,767,84,No
CUST04779,49,96498.03,221515.01,656,84,No
CUST04780,39,30151.77,67556.95,687,60,No
CUST04781,63,52746.8,127083.18,776,120,No
CUST04782,22,96063.4,149422.18,692,24,No
CUST04783,30,27150.86,39300.72,680,48,No
CUST04784,63,58529.66,136658.19,668,84,No
CUST04785,45,34165.71,30700.8,614,48,No
CUST04786,40,39062.37,49183.22,648,120,No
CUST04787,39,34152.81,21392.75,596,24,Yes
CUST04788,43,35265.63,25314.82,647,36,No
CUST04789,44,166851.67,205252.55,475,120,Yes
CUST04790,31,71682.73,40041.1,682,36,No
CUST04791,54,80481.45,99493.73,641,60,No
CUST04792,48,61169.08,150777.44,625,12,No
CUST04793,25,23793.9,16258.88,666,48,No
CUST04794,25,58555.55,105997.84,542,84,Yes
CUST04795,41,79444.85,257347.8,795,36,No
CUST04796,32,33388.61,95954.01,642,12,Yes
CUST04797,24,75689.67,107200.23,639,12,Yes
CUST04798,62,67302.41,220376.12,578,84,Yes
CUST04799,40,112805.23,167960.16,652,60,Yes
CUST04800,58,40619.26,29146.21,754,24,No
CUST04801,45,29913.8,104164.87,728,12,No
CUST04802,34,41658.78,129561.62,714,60,Yes
CUST04803,31,93527.14,177495.65,691,60,No
CUST04804,52,21530.32,53807.06,623,24,Yes
CUST04805,31,19326.47,48580.64,541,36,Yes
CUST04806,38,51033.01,55291.55,635,60,No
CUST04807,47,40168.36,44191.06,632,48,No
CUST04808,38,49191.57,93894.02,729,120,Yes
CUST04809,43,75011.02,242639.6,673,36,No
CUST04810,31,38228.78,20260.54,771,48,No
CUST04811,41,21102.51,60089.75,740,48,No
CUST04812,64,123009.48,82733.76,616,84,No
CUST04813,25,31296.05,60547.41,515,36,Yes
CUST04814,43,30437.58,73464.71,754,24,Yes
CUST04815,61,80553.27,206238.75,752,36,No
CUST04816,45,41232.41,27849.93,548,84,No
CUST04817,61,47642.22,83650.73,763,36,No
CUST04818,30,60916.27,137153.7,679,36,No
CUST04819,42,79826.63,55729.89,662,48,No
CUST04820,39,42190.18,38194.08,771,24,No
CUST04821,21,97146.79,241987.5,751,12,No
CUST04822,27,18748.89,38714.86,699,36,No
CUST04823,24,69002.93,68001.42,685,48,No
CUST04824,21,33597.69,70747.26,696,60,No
CUST04825,35,90900.62,294343.22,620,60,Yes
CUST04826,60,52256.52,28571.92,646,84,No
CUST04827,32,36213.69,87923.27,582,36,Yes
CUST04828,42,66057.34,47624.13,625,60,No
CUST04829,42,73272.07,38053.73,623,12,Yes
CUST04830,37,65437.6,62294.2,602,12,No
CUST04831,49,30842.12,54551.07,660,24,No
CUST04832,34,39426.45,114613.95,626,36,No
CUST04833,40,48931.04,65829.69,688,24,No
CUST04834,53,48119.04,114379.9,528,36,Yes
CUST04835,63,68691.82,119075.2,641,48,No
CUST04836,35,19797.17,23815.9,660,36,No
CUST04837,32,56979.52,116394.42,627,48,No
CUST04838,60,43023.79,124441.73,637,36,Yes
CUST04839,40,33613.22,100754.86,531,24,Yes
CUST04840,50,35097.35,106680.45,677,12,No
CUST04841,58,44509.51,67461.88,699,24,No
CUST04842,23,15000.0,43205.52,687,12,Yes
CUST04843,48,35754.08,40635.78,728,48,No
CUST04844,46,33053.52,89749.41,665,60,No
CUST04845,50,62302.23,208410.51,686,36,Yes
CUST04846,33,34115.7,18464.49,662,36,No
CUST04847,33,44497.97,81034.89,702,60,No
CUST04848,22,98127.65,239756.56,532,24,No
CUST04849,57,76684.75,199788.87,583,24,Yes
CUST04850,58,73572.17,75651.56,769,48,No
CUST04851,22,39146.15,133744.77,465,48,Yes
CUST04852,56,62590.23,146823.92,639,48,No
CUST04853,46,44123.42,43815.52,738,60,No
CUST04854,31,44880.47,25203.41,643,12,No
CUST04855,28,58944.9,167980.74,620,36,Yes
CUST04856,64,37472.14,27696.19,660,24,No
CUST04857,60,95975.8,88600.32,624,60,No
CUST04858,63,45612.7,101465.0,652,84,Yes
CUST04859,42,64748.27,149601.95,599,36,No
CUST04860,40,94373.94,241659.7,733,12,Yes
CUST04861,28,77982.85,131053.46,757,36,No
CUST04862,49,26003.5,73373.97,640,24,No
CUST04863,60,59886.31,204995.38,546,36,Yes
CUST04864,46,71885.06,94405.56,611,48,Yes
CUST04865,50,73228.38,191059.13,636,120,No
CUST04866,37,29703.42,97587.79,688,36,Yes
CUST04867,40,36473.24,93329.93,574,24,Yes
CUST04868,36,76691.89,195052.67,592,24,Yes
CUST04869,63,34794.26,40755.13,688,24,No
CUST04870,27,42836.11,90186.74,720,24,Yes
CUST04871,36,99622.58,217931.22,603,60,Yes
CUST04872,65,47977.64,124760.51,550,12,Yes
CUST04873,47,35346.39,123375.31,850,120,No
CUST04874,43,33026.72,19846.8,709,48,No
CUST04875,44,56938.31,39611.87,630,48,No
CUST04876,29,26905.43,19744.56,715,36,No
CUST04877,55,43857.4,119684.1,641,48,No
CUST04878,40,56951.41,51772.33,715,36,No
CUST04879,57,87958.24,208228.43,662,36,No
CUST04880,62,66197.41,97575.42,657,36,No
CUST04881,37,35549.12,66546.53,641,84,Yes
CUST04882,51,83307.07,95552.33,541,36,Yes
CUST04883,28,42839.6,132730.78,795,36,No
CUST04884,35,28111.49,63488.42,579,36,No
CUST04885,51,45368.87,151245.74,548,12,Yes
CUST04886,50,93636.56,208227.93,634,24,No
CUST04887,40,52804.83,46031.24,578,24,No
CUST04888,59,49297.81,49919.52,646,48,No
CUST04889,32,102410.57,355080.17,702,36,Yes
CUST04890,37,25742.29,68904.27,725,60,Yes
CUST04891,62,27487.33,17807.29,711,60,No
CUST04892,50,23691.44,61866.48,627,24,Yes
CUST04893,49,57970.62,100667.09,654,48,No
CUST04894,39,52834.62,75111.03,681,60,No
CUST04895,31,98147.96,94436.24,518,48,Yes
CUST04896,54,54696.98,165169.12,693,48,No
CUST04897,27,40869.09,28261.96,541,60,Yes
CUST04898,64,49060.41,67188.54,803,12,No
CUST04899,54,51687.35,73352.03,620,60,No
CUST04900,40,23102.76,22703.45,636,36,No
CUST04901,58,165984.43,336044.55,592,48,No
CUST04902,44,61941.27,33145.26,603,24,No
CUST04903,30,53879.41,75588.85,821,60,No
CUST04904,52,64655.2,213419.6,721,36,Yes
CUST04905,35,67456.28,96569.65,534,48,Yes
CUST04906,57,46016.3,72769.17,763,60,Yes
CUST04907,40,36899.06,70827.57,739,84,No
CUST04908,23,64199.64,140281.36,629,60,No
CUST04909,57,58312.39,170629.4,673,24,No
CUST04910,60,34048.78,36465.01,649,84,No
CUST04911,28,92833.8,289199.49,798,48,No
CUST04912,60,55938.51,155097.8,590,48,No
CUST04913,64,68078.63,181630.45,661,84,Yes
CUST04914,43,91707.95,69735.98,618,24,No
CUST04915,60,49506.04,27967.05,543,24,No
CUST04916,31,56535.75,129016.74,814,48,No
CUST04917,28,70580.72,218052.21,561,60,No
CUST04918,49,35376.84,79715.5,667,36,No
CUST04919,50,50227.77,57244.82,519,48,Yes
CUST04920,30,51870.05,40020.84,620,36,No
CUST04921,59,31881.26,82852.68,682,48,Yes
CUST04922,48,139098.36,370740.37,588,60,Yes
CUST04923,56,26022.53,26480.4,694,24,No
CUST04924,33,27333.09,15978.13,630,48,No
CUST04925,52,88557.02,152747.62,737,60,No
CUST04926,56,67573.41,151915.57,752,36,No
CUST04927,57,30893.96,80880.61,606,36,No
CUST04928,46,64426.48,188758.96,656,12,Yes
CUST04929,42,94895.61,221259.77,664,60,Yes
CUST04930,24,48357.74,40264.68,696,36,No
CUST04931,51,157861.02,402189.63,651,36,Yes
CUST04932,38,22565.38,77907.65,664,36,Yes
CUST04933,58,66984.77,215473.51,632,36,Yes
CUST04934,44,82862.49,258117.21,659,60,Yes
CUST04935,43,73211.28,102972.43,747,60,No
CUST04936,42,44713.91,123068.98,698,36,No
CUST04937,22,43014.88,131337.78,703,48,No
CUST04938,51,59866.08,151759.23,704,60,Yes
CUST04939,31,70762.86,88572.83,638,36,No
CUST04940,48,64287.02,216100.94,674,12,Yes
CUST04941,52,78278.33,145007.34,569,84,Yes
CUST04942,25,30992.75,27565.47,745,48,No
CUST04943,58,44245.24,36694.07,441,48,No
CUST04944,30,32112.25,78436.0,643,12,Yes
CUST04945,60,41202.3,74705.08,736,60,No
CUST04946,44,77408.31,60645.67,548,48,No
CUST04947,55,51461.68,140032.05,680,60,Yes
CUST04948,64,158432.93,459134.75,599,120,No
CUST04949,43,53478.39,143121.38,622,120,Yes
CUST04950,37,50355.41,55732.49,721,84,Yes
CUST04951,21,51419.99,132114.74,665,12,Yes
CUST04952,51,36790.17,19578.57,497,84,Yes
CUST04953,51,47761.42,67598.48,577,12,Yes
CUST04954,62,81430.45,138143.88,723,84,No
CUST04955,62,51600.51,155097.76,684,36,Yes
CUST04956,54,34301.46,57324.02,781,48,No
CUST04957,29,32328.74,17257.35,776,12,Yes
CUST04958,42,40030.99,62329.82,624,60,No
CUST04959,33,50677.56,101191.55,838,24,No
CUST04960,45,83877.61,280739.57,652,36,Yes
CUST04961,38,26816.7,89114.65,578,60,Yes
CUST04962,32,42449.83,44259.13,602,48,Yes
CUST04963,60,52309.83,55209.87,481,12,Yes
CUST04964,37,21479.03,21267.34,771,36,No
CUST04965,35,33687.45,96574.03,770,12,No
CUST04966,62,36100.07,18702.22,574,48,Yes
CUST04967,35,34262.73,30203.68,633,120,No
CUST04968,35,53441.9,112969.7,657,48,No
CUST04969,59,45603.88,56671.31,578,24,No
CUST04970,33,38182.07,29670.12,518,36,Yes
CUST04971,37,59431.71,93880.35,634,120,No
CUST04972,52,106444.99,140786.57,626,24,Yes
CUST04973,29,102504.85,208424.44,621,48,Yes
CUST04974,60,20635.18,70937.57,667,36,Yes
CUST04975,40,63556.37,55479.24,757,60,No
CUST04976,46,45246.9,73217.63,627,84,No
CUST04977,47,52565.74,173254.32,663,36,No
CUST04978,41,40977.26,128284.19,705,48,No
CUST04979,38,51684.59,86975.51,692,48,No
CUST04980,33,52477.16,136275.83,604,36,No
CUST04981,36,37777.6,28845.88,657,36,No
CUST04982,29,32749.23,86380.13,691,48,No
CUST04983,32,40058.13,136941.65,565,24,Yes
CUST04984,64,54470.62,115067.25,745,60,No
CUST04985,58,64186.51,128082.3,757,12,No
CUST04986,39,71970.17,76429.14,596,12,No
CUST04987,27,39246.38,94244.87,665,36,No
CUST04988,55,55699.7,126511.39,698,24,Yes
CUST04989,38,75593.54,185642.55,609,36,No
CUST04990,36,82827.69,47895.1,686,36,No
CUST04991,59,47740.02,102458.22,662,60,No
CUST04992,24,44381.62,101403.33,540,120,No
CUST04993,45,53423.49,59972.7,684,60,No
CUST04994,52,29220.67,32873.21,567,24,No
CUST04995,60,44930.66,59697.32,720,84,No
CUST04996,33,68532.54,180594.54,600,36,No
CUST04997,65,65439.16,151740.21,638,36,Yes
CUST04998,37,43407.16,131840.04,753,36,No
CUST04999,57,54066.67,74989.16,687,36,No
CUST05000,26,33823.37,109459.33,569,84,Yes
